host_id,source_host_id,host_type,verified,registration_date,country_origin
1,10704,,1,,
2,18378,,1,,
3,26970,,1,,
4,41161,,1,,
5,44384,,1,,
6,67353,,1,,
7,71615,,1,,
8,73163,,1,,
9,73546,,1,,
10,75450,,1,,
11,90417,,1,,
12,98297,,1,,
13,121825,,1,,
14,131794,,1,,
15,134673,,1,,
16,135703,,1,,
17,143513,,1,,
18,154251,,1,,
19,154720,,1,,
20,158596,,1,,
21,170357,,1,,
22,173234,,1,,
23,177617,,1,,
24,184577,,1,,
25,218684,,1,,
26,224605,,1,,
27,255477,,1,,
28,265165,,1,,
29,289673,,1,,
30,297545,,1,,
31,299462,,1,,
32,310202,,1,,
33,325580,,1,,
34,340570,,1,,
35,366428,,1,,
36,366654,,1,,
37,368317,,1,,
38,375625,,1,,
39,383697,,1,,
40,384518,,1,,
41,396363,,1,,
42,400154,,1,,
43,400416,,1,,
44,404364,,1,,
45,420443,,1,,
46,431839,,1,,
47,438828,,1,,
48,440881,,1,,
49,447708,,1,,
50,463308,,1,,
51,471649,,1,,
52,478821,,1,,
53,480528,,1,,
54,488117,,1,,
55,491007,,1,,
56,493289,,1,,
57,501022,,1,,
58,518063,,1,,
59,525793,,1,,
60,527201,,1,,
61,529756,,1,,
62,541926,,1,,
63,542867,,1,,
64,567180,,1,,
65,582060,,1,,
66,606154,,1,,
67,609267,,1,,
68,610674,,1,,
69,612665,,1,,
70,631951,,1,,
71,642984,,1,,
72,656048,,1,,
73,657366,,1,,
74,657642,,1,,
75,663209,,1,,
76,664196,,1,,
77,665793,,1,,
78,674212,,1,,
79,700165,,1,,
80,701493,,1,,
81,705343,,1,,
82,711907,,1,,
83,716866,,1,,
84,718762,,1,,
85,719529,,1,,
86,721378,,1,,
87,750385,,1,,
88,759411,,1,,
89,771458,,1,,
90,787748,,1,,
91,794424,,1,,
92,804620,,1,,
93,805226,,1,,
94,806211,,1,,
95,814918,,1,,
96,829273,,1,,
97,848945,,1,,
98,852380,,1,,
99,857784,,1,,
100,860383,,1,,
101,877008,,1,,
102,880805,,1,,
103,893805,,1,,
104,898600,,1,,
105,898776,,1,,
106,901573,,1,,
107,902253,,1,,
108,919480,,1,,
109,936445,,1,,
110,936505,,1,,
111,944228,,1,,
112,953719,,1,,
113,971768,,1,,
114,972867,,1,,
115,1004716,,1,,
116,1006512,,1,,
117,1013855,,1,,
118,1014050,,1,,
119,1029387,,1,,
120,1033366,,1,,
121,1035045,,1,,
122,1037730,,1,,
123,1037789,,1,,
124,1090523,,1,,
125,1093718,,1,,
126,1095802,,1,,
127,1108093,,1,,
128,1110014,,1,,
129,1141201,,1,,
130,1142511,,1,,
131,1151999,,1,,
132,1205494,,1,,
133,1211618,,1,,
134,1221038,,1,,
135,1227056,,1,,
136,1227290,,1,,
137,1228590,,1,,
138,1230477,,1,,
139,1233230,,1,,
140,1238698,,1,,
141,1254851,,1,,
142,1257705,,1,,
143,1260560,,1,,
144,1267680,,1,,
145,1271339,,1,,
146,1298586,,1,,
147,1310304,,1,,
148,1348378,,1,,
149,1361670,,1,,
150,1363244,,1,,
151,1369675,,1,,
152,1391607,,1,,
153,1405013,,1,,
154,1411775,,1,,
155,1414702,,1,,
156,1420606,,1,,
157,1425070,,1,,
158,1429552,,1,,
159,1432736,,1,,
160,1432835,,1,,
161,1435464,,0,,
162,1447144,,1,,
163,1449285,,1,,
164,1461250,,1,,
165,1475411,,1,,
166,1489436,,1,,
167,1503151,,1,,
168,1503266,,1,,
169,1527960,,1,,
170,1528801,,1,,
171,1541784,,1,,
172,1560717,,1,,
173,1597933,,1,,
174,1626892,,1,,
175,1642180,,1,,
176,1646166,,1,,
177,1659483,,1,,
178,1664855,,1,,
179,1683936,,1,,
180,1686710,,1,,
181,1687524,,1,,
182,1701900,,1,,
183,1709128,,1,,
184,1712045,,1,,
185,1716315,,1,,
186,1734577,,1,,
187,1743413,,1,,
188,1744516,,1,,
189,1750495,,1,,
190,1751439,,1,,
191,1765402,,1,,
192,1766222,,1,,
193,1766283,,1,,
194,1771095,,1,,
195,1786501,,1,,
196,1791076,,1,,
197,1794930,,1,,
198,1809535,,1,,
199,1820272,,1,,
200,1824328,,1,,
201,1831724,,1,,
202,1839136,,1,,
203,1862747,,1,,
204,1911692,,1,,
205,1913755,,1,,
206,1920353,,1,,
207,1929411,,1,,
208,1935498,,1,,
209,1968590,,1,,
210,1986299,,1,,
211,1994100,,1,,
212,1994441,,1,,
213,1995109,,1,,
214,1995385,,1,,
215,1995520,,1,,
216,2009899,,1,,
217,2034854,,1,,
218,2036118,,1,,
219,2041901,,1,,
220,2053965,,1,,
221,2060495,,1,,
222,2077670,,1,,
223,2083075,,1,,
224,2084522,,1,,
225,2092211,,1,,
226,2099961,,1,,
227,2104204,,1,,
228,2106606,,1,,
229,2108468,,1,,
230,2110700,,1,,
231,2116153,,1,,
232,2123240,,1,,
233,2127988,,1,,
234,2151490,,1,,
235,2176121,,1,,
236,2176127,,1,,
237,2181314,,1,,
238,2181745,,1,,
239,2183341,,1,,
240,2201772,,1,,
241,2202284,,1,,
242,2230962,,1,,
243,2235286,,1,,
244,2236039,,1,,
245,2246766,,1,,
246,2262273,,1,,
247,2266967,,1,,
248,2273079,,1,,
249,2291129,,1,,
250,2301748,,1,,
251,2311093,,1,,
252,2320210,,1,,
253,2321941,,1,,
254,2321978,,1,,
255,2337603,,1,,
256,2346784,,1,,
257,2366949,,1,,
258,2375577,,1,,
259,2377186,,1,,
260,2379410,,1,,
261,2400841,,1,,
262,2430039,,1,,
263,2439400,,1,,
264,2484443,,1,,
265,2494381,,1,,
266,2504689,,1,,
267,2509155,,1,,
268,2509252,,1,,
269,2517389,,1,,
270,2525519,,1,,
271,2528474,,1,,
272,2537484,,1,,
273,2553630,,1,,
274,2553762,,1,,
275,2555877,,1,,
276,2556699,,1,,
277,2565364,,1,,
278,2570705,,1,,
279,2579191,,1,,
280,2608724,,1,,
281,2626568,,1,,
282,2635405,,1,,
283,2638282,,1,,
284,2646488,,1,,
285,2654901,,1,,
286,2655419,,1,,
287,2660281,,1,,
288,2679993,,1,,
289,2685251,,1,,
290,2688205,,1,,
291,2700806,,1,,
292,2701451,,1,,
293,2707104,,1,,
294,2715976,,1,,
295,2729035,,1,,
296,2738055,,1,,
297,2741652,,1,,
298,2747795,,1,,
299,2748428,,1,,
300,2748503,,1,,
301,2750390,,1,,
302,2751629,,1,,
303,2757645,,1,,
304,2769731,,1,,
305,2773231,,1,,
306,2774073,,1,,
307,2794626,,1,,
308,2795488,,1,,
309,2810950,,1,,
310,2818497,,1,,
311,2819397,,1,,
312,2825071,,1,,
313,2828068,,1,,
314,2830568,,1,,
315,2833463,,1,,
316,2843608,,1,,
317,2846323,,1,,
318,2848016,,1,,
319,2862131,,1,,
320,2879377,,1,,
321,2881735,,1,,
322,2895402,,1,,
323,2907783,,1,,
324,2916484,,1,,
325,2922864,,1,,
326,2931800,,1,,
327,2934588,,1,,
328,2935086,,1,,
329,2937042,,1,,
330,2952267,,1,,
331,2958781,,1,,
332,2968616,,1,,
333,2985108,,1,,
334,2996974,,1,,
335,3018758,,1,,
336,3021973,,1,,
337,3026201,,1,,
338,3026821,,1,,
339,3036204,,1,,
340,3038197,,1,,
341,3038266,,1,,
342,3039107,,1,,
343,3041333,,1,,
344,3041368,,1,,
345,3049087,,1,,
346,3050422,,1,,
347,3063833,,1,,
348,3073594,,1,,
349,3077968,,1,,
350,3099440,,1,,
351,3099749,,1,,
352,3102808,,1,,
353,3123165,,1,,
354,3123210,,1,,
355,3152984,,1,,
356,3156400,,1,,
357,3157828,,1,,
358,3183649,,1,,
359,3193594,,1,,
360,3194412,,1,,
361,3211290,,1,,
362,3236512,,1,,
363,3250728,,1,,
364,3250864,,1,,
365,3251553,,1,,
366,3272436,,1,,
367,3293439,,1,,
368,3297466,,1,,
369,3310089,,1,,
370,3348832,,1,,
371,3357515,,1,,
372,3359328,,1,,
373,3376710,,1,,
374,3387630,,1,,
375,3399123,,1,,
376,3400078,,1,,
377,3403659,,1,,
378,3423639,,1,,
379,3424194,,1,,
380,3429484,,1,,
381,3442206,,1,,
382,3454952,,1,,
383,3457901,,1,,
384,3465149,,1,,
385,3479346,,1,,
386,3493657,,1,,
387,3508504,,1,,
388,3510937,,1,,
389,3515147,,1,,
390,3525390,,1,,
391,3533078,,1,,
392,3548964,,1,,
393,3552906,,1,,
394,3556337,,1,,
395,3558810,,1,,
396,3565553,,1,,
397,3589880,,1,,
398,3590196,,1,,
399,3601196,,1,,
400,3607773,,1,,
401,3615168,,1,,
402,3625681,,1,,
403,3635577,,1,,
404,3657456,,1,,
405,3659150,,1,,
406,3678711,,1,,
407,3682696,,1,,
408,3685432,,1,,
409,3689508,,1,,
410,3689552,,1,,
411,3709836,,1,,
412,3724467,,1,,
413,3733897,,1,,
414,3744544,,1,,
415,3745058,,1,,
416,3745901,,1,,
417,3786292,,1,,
418,3799101,,1,,
419,3803356,,1,,
420,3815137,,1,,
421,3833669,,1,,
422,3837181,,1,,
423,3847135,,1,,
424,3866253,,1,,
425,3868307,,1,,
426,3875566,,1,,
427,3885768,,1,,
428,3885805,,1,,
429,3897383,,1,,
430,3899676,,1,,
431,3899934,,1,,
432,3907915,,1,,
433,3912625,,1,,
434,3913234,,1,,
435,3926499,,1,,
436,3928188,,1,,
437,3934040,,1,,
438,3937003,,1,,
439,3937382,,0,,
440,3962572,,1,,
441,3971935,,1,,
442,3972936,,1,,
443,3974488,,1,,
444,3987152,,1,,
445,4006184,,1,,
446,4008570,,1,,
447,4024998,,1,,
448,4030082,,1,,
449,4039955,,1,,
450,4048635,,1,,
451,4052481,,1,,
452,4053184,,1,,
453,4055580,,1,,
454,4063266,,1,,
455,4063564,,1,,
456,4064440,,1,,
457,4076847,,1,,
458,4085156,,1,,
459,4092116,,1,,
460,4093480,,1,,
461,4101093,,1,,
462,4110458,,1,,
463,4116737,,1,,
464,4118378,,1,,
465,4128468,,1,,
466,4145369,,1,,
467,4146729,,1,,
468,4147219,,1,,
469,4166229,,1,,
470,4206410,,1,,
471,4212095,,1,,
472,4216500,,1,,
473,4217311,,1,,
474,4226509,,1,,
475,4232898,,1,,
476,4236308,,1,,
477,4253522,,1,,
478,4258344,,1,,
479,4258623,,1,,
480,4260395,,1,,
481,4260952,,1,,
482,4261436,,1,,
483,4266014,,1,,
484,4269183,,1,,
485,4272302,,1,,
486,4278413,,1,,
487,4311145,,1,,
488,4311845,,1,,
489,4313721,,1,,
490,4321127,,1,,
491,4331007,,1,,
492,4356848,,1,,
493,4358678,,1,,
494,4361013,,1,,
495,4390085,,1,,
496,4390304,,1,,
497,4396136,,1,,
498,4396451,,1,,
499,4412207,,1,,
500,4419532,,1,,
501,4425048,,1,,
502,4452491,,1,,
503,4459553,,1,,
504,4460420,,1,,
505,4472095,,1,,
506,4498407,,1,,
507,4502018,,1,,
508,4507138,,1,,
509,4510414,,1,,
510,4547731,,1,,
511,4585497,,1,,
512,4597849,,1,,
513,4598666,,1,,
514,4617024,,1,,
515,4626127,,1,,
516,4627509,,1,,
517,4638971,,1,,
518,4653599,,1,,
519,4678602,,1,,
520,4687292,,1,,
521,4700510,,1,,
522,4713677,,1,,
523,4715645,,1,,
524,4720380,,1,,
525,4737350,,1,,
526,4805453,,1,,
527,4844427,,1,,
528,4855882,,1,,
529,4864550,,1,,
530,4864707,,1,,
531,4882324,,1,,
532,4895881,,1,,
533,4897883,,1,,
534,4903844,,1,,
535,4906099,,1,,
536,4918438,,1,,
537,4918740,,1,,
538,4938824,,1,,
539,4950474,,1,,
540,4950893,,1,,
541,4956870,,1,,
542,4959266,,1,,
543,4960486,,1,,
544,4961284,,1,,
545,4979056,,1,,
546,4979782,,1,,
547,4985749,,1,,
548,4989233,,1,,
549,4990426,,1,,
550,4993461,,1,,
551,5020114,,1,,
552,5021111,,1,,
553,5024572,,1,,
554,5036026,,1,,
555,5043773,,1,,
556,5044674,,1,,
557,5045039,,1,,
558,5045046,,1,,
559,5045721,,1,,
560,5057234,,1,,
561,5057797,,1,,
562,5070884,,1,,
563,5082480,,1,,
564,5091111,,1,,
565,5092573,,1,,
566,5096271,,1,,
567,5107063,,1,,
568,5126902,,1,,
569,5144517,,1,,
570,5159312,,1,,
571,5166127,,1,,
572,5170597,,1,,
573,5170788,,1,,
574,5177905,,1,,
575,5184220,,1,,
576,5197001,,1,,
577,5201227,,1,,
578,5219447,,1,,
579,5226055,,1,,
580,5236677,,0,,
581,5249210,,1,,
582,5262575,,1,,
583,5264883,,1,,
584,5320036,,1,,
585,5324288,,1,,
586,5349333,,1,,
587,5359193,,1,,
588,5384959,,1,,
589,5385759,,1,,
590,5398370,,1,,
591,5409093,,1,,
592,5414485,,1,,
593,5414684,,1,,
594,5418972,,1,,
595,5428204,,1,,
596,5432336,,1,,
597,5444844,,1,,
598,5449946,,1,,
599,5450788,,1,,
600,5472538,,1,,
601,5474409,,1,,
602,5488247,,1,,
603,5496383,,1,,
604,5511646,,1,,
605,5543127,,1,,
606,5560246,,1,,
607,5563779,,1,,
608,5571621,,1,,
609,5582465,,1,,
610,5582678,,1,,
611,5602481,,1,,
612,5606008,,1,,
613,5614931,,1,,
614,5619776,,1,,
615,5631092,,1,,
616,5632902,,1,,
617,5636973,,1,,
618,5645666,,1,,
619,5650710,,1,,
620,5664950,,1,,
621,5682394,,1,,
622,5695022,,1,,
623,5721224,,1,,
624,5729069,,1,,
625,5735370,,1,,
626,5748709,,1,,
627,5756325,,1,,
628,5764841,,1,,
629,5765512,,1,,
630,5766845,,1,,
631,5784650,,1,,
632,5790741,,1,,
633,5803360,,1,,
634,5840515,,1,,
635,5841645,,1,,
636,5843487,,1,,
637,5846874,,1,,
638,5873242,,1,,
639,5878688,,1,,
640,5888954,,1,,
641,5897653,,1,,
642,5919250,,1,,
643,5940318,,1,,
644,5947431,,1,,
645,5961124,,1,,
646,5963978,,1,,
647,5966973,,1,,
648,5967155,,1,,
649,5969578,,1,,
650,5969878,,1,,
651,5987148,,1,,
652,6026327,,1,,
653,6036028,,1,,
654,6042913,,1,,
655,6055609,,1,,
656,6057270,,1,,
657,6074635,,1,,
658,6090865,,1,,
659,6092480,,1,,
660,6099660,,1,,
661,6100599,,1,,
662,6107595,,1,,
663,6111318,,1,,
664,6116243,,1,,
665,6152155,,1,,
666,6152293,,1,,
667,6166581,,1,,
668,6182351,,1,,
669,6184290,,1,,
670,6193643,,1,,
671,6227060,,1,,
672,6238439,,1,,
673,6251533,,1,,
674,6268084,,1,,
675,6269161,,1,,
676,6273476,,1,,
677,6274273,,1,,
678,6284860,,1,,
679,6289073,,1,,
680,6292884,,1,,
681,6299958,,1,,
682,6362995,,1,,
683,6392414,,1,,
684,6402136,,1,,
685,6412824,,1,,
686,6421296,,0,,
687,6436558,,1,,
688,6439746,,1,,
689,6467356,,1,,
690,6468869,,1,,
691,6471851,,1,,
692,6482644,,1,,
693,6499657,,1,,
694,6499711,,1,,
695,6500377,,1,,
696,6502638,,1,,
697,6524172,,1,,
698,6541786,,1,,
699,6544866,,1,,
700,6545810,,1,,
701,6566612,,1,,
702,6569922,,1,,
703,6600521,,1,,
704,6611013,,1,,
705,6633836,,1,,
706,6638407,,1,,
707,6672175,,1,,
708,6675383,,1,,
709,6681663,,1,,
710,6685445,,1,,
711,6688661,,1,,
712,6709450,,1,,
713,6710684,,1,,
714,6717280,,1,,
715,6729065,,1,,
716,6737316,,1,,
717,6748687,,1,,
718,6749681,,1,,
719,6759262,,1,,
720,6767012,,1,,
721,6771003,,1,,
722,6771638,,1,,
723,6787519,,1,,
724,6797428,,1,,
725,6809870,,1,,
726,6811852,,1,,
727,6832849,,1,,
728,6836139,,1,,
729,6850851,,1,,
730,6854541,,1,,
731,6862067,,1,,
732,6862183,,1,,
733,6870421,,1,,
734,6890187,,1,,
735,6892245,,1,,
736,6892667,,1,,
737,6896233,,1,,
738,6901713,,1,,
739,6902105,,1,,
740,6907539,,1,,
741,6909883,,1,,
742,6920683,,1,,
743,6927367,,1,,
744,6944520,,1,,
745,6958026,,1,,
746,6976849,,1,,
747,6992168,,1,,
748,7016433,,1,,
749,7016641,,1,,
750,7024519,,1,,
751,7032776,,1,,
752,7033608,,1,,
753,7039660,,1,,
754,7046025,,1,,
755,7047484,,1,,
756,7066746,,1,,
757,7085436,,1,,
758,7088764,,1,,
759,7108009,,1,,
760,7111192,,1,,
761,7114154,,1,,
762,7123985,,1,,
763,7130005,,1,,
764,7167787,,1,,
765,7168856,,1,,
766,7191189,,1,,
767,7196045,,1,,
768,7197028,,1,,
769,7202104,,1,,
770,7215439,,1,,
771,7216474,,1,,
772,7218242,,1,,
773,7222634,,1,,
774,7239179,,1,,
775,7256282,,1,,
776,7260546,,1,,
777,7282791,,1,,
778,7285494,,1,,
779,7289721,,1,,
780,7297778,,1,,
781,7318486,,1,,
782,7329479,,1,,
783,7332265,,1,,
784,7347339,,1,,
785,7349396,,1,,
786,7352678,,1,,
787,7368311,,1,,
788,7394624,,1,,
789,7416666,,1,,
790,7492095,,1,,
791,7492467,,1,,
792,7496141,,1,,
793,7496888,,1,,
794,7506723,,1,,
795,7513107,,1,,
796,7521925,,1,,
797,7542275,,1,,
798,7547875,,1,,
799,7548175,,1,,
800,7552557,,1,,
801,7567475,,1,,
802,7585911,,1,,
803,7592043,,1,,
804,7612142,,1,,
805,7632814,,1,,
806,7637808,,1,,
807,7640278,,1,,
808,7648663,,1,,
809,7671343,,1,,
810,7677213,,1,,
811,7701111,,1,,
812,7712303,,1,,
813,7714083,,1,,
814,7743468,,1,,
815,7758783,,1,,
816,7769026,,1,,
817,7784911,,1,,
818,7790254,,1,,
819,7794467,,1,,
820,7807310,,1,,
821,7812285,,1,,
822,7817834,,1,,
823,7851934,,1,,
824,7882253,,1,,
825,7889448,,1,,
826,7893470,,1,,
827,7894301,,1,,
828,7894824,,1,,
829,7906740,,1,,
830,7915672,,1,,
831,7922947,,1,,
832,7924185,,1,,
833,7959478,,1,,
834,7994802,,1,,
835,8001113,,1,,
836,8010718,,1,,
837,8013272,,1,,
838,8022091,,1,,
839,8028055,,1,,
840,8028699,,1,,
841,8041861,,1,,
842,8046825,,1,,
843,8051424,,1,,
844,8065928,,1,,
845,8081521,,1,,
846,8101364,,1,,
847,8113530,,1,,
848,8130906,,1,,
849,8130969,,1,,
850,8159578,,1,,
851,8160375,,1,,
852,8163443,,1,,
853,8164313,,1,,
854,8166913,,1,,
855,8172286,,1,,
856,8174295,,1,,
857,8201277,,1,,
858,8206161,,1,,
859,8210620,,1,,
860,8232918,,1,,
861,8260324,,1,,
862,8274597,,1,,
863,8286937,,1,,
864,8295398,,1,,
865,8302400,,1,,
866,8304893,,1,,
867,8314475,,1,,
868,8320113,,1,,
869,8320838,,1,,
870,8332593,,1,,
871,8344442,,1,,
872,8344816,,1,,
873,8345417,,1,,
874,8376977,,1,,
875,8379752,,1,,
876,8453669,,1,,
877,8457609,,1,,
878,8462138,,1,,
879,8488654,,1,,
880,8507694,,1,,
881,8509514,,1,,
882,8517251,,1,,
883,8520063,,1,,
884,8532502,,1,,
885,8546697,,1,,
886,8548700,,1,,
887,8560445,,1,,
888,8566984,,1,,
889,8568279,,1,,
890,8568339,,1,,
891,8592353,,1,,
892,8611342,,1,,
893,8621770,,1,,
894,8624213,,1,,
895,8630901,,1,,
896,8635649,,1,,
897,8666718,,1,,
898,8668352,,1,,
899,8675769,,1,,
900,8691606,,1,,
901,8699017,,1,,
902,8700587,,1,,
903,8720687,,1,,
904,8741702,,1,,
905,8743859,,1,,
906,8767050,,1,,
907,8771164,,1,,
908,8802547,,1,,
909,8814467,,1,,
910,8826067,,1,,
911,8843962,,1,,
912,8856051,,1,,
913,8875148,,1,,
914,8876390,,1,,
915,8878703,,1,,
916,8937674,,1,,
917,8951612,,1,,
918,8965423,,1,,
919,9002124,,1,,
920,9003091,,1,,
921,9003283,,1,,
922,9024729,,1,,
923,9074411,,1,,
924,9100900,,1,,
925,9123023,,1,,
926,9128708,,1,,
927,9135996,,1,,
928,9141076,,1,,
929,9150033,,1,,
930,9156086,,1,,
931,9159333,,1,,
932,9171437,,1,,
933,9207383,,1,,
934,9210797,,1,,
935,9220544,,1,,
936,9259583,,1,,
937,9268757,,1,,
938,9325312,,1,,
939,9328974,,1,,
940,9343537,,1,,
941,9364532,,1,,
942,9390264,,1,,
943,9395326,,1,,
944,9400556,,1,,
945,9439719,,1,,
946,9442999,,1,,
947,9445480,,1,,
948,9456316,,1,,
949,9456665,,1,,
950,9465190,,1,,
951,9466729,,1,,
952,9469830,,1,,
953,9477063,,1,,
954,9478280,,1,,
955,9489749,,1,,
956,9511695,,1,,
957,9529012,,1,,
958,9548670,,1,,
959,9590271,,1,,
960,9667715,,1,,
961,9670576,,1,,
962,9675772,,1,,
963,9676004,,1,,
964,9733506,,1,,
965,9737137,,1,,
966,9740673,,1,,
967,9775376,,1,,
968,9784103,,1,,
969,9799898,,1,,
970,9822728,,1,,
971,9827121,,1,,
972,9846585,,1,,
973,9857118,,1,,
974,9872597,,1,,
975,9914293,,1,,
976,9916442,,1,,
977,9920172,,1,,
978,9922976,,1,,
979,9929616,,1,,
980,9935841,,1,,
981,9937293,,1,,
982,9937816,,1,,
983,9938297,,1,,
984,9994084,,1,,
985,10009096,,1,,
986,10016777,,1,,
987,10028270,,1,,
988,10037079,,1,,
989,10039511,,1,,
990,10044989,,1,,
991,10052358,,1,,
992,10091776,,1,,
993,10116421,,1,,
994,10143038,,1,,
995,10156487,,1,,
996,10188615,,1,,
997,10195643,,1,,
998,10209492,,1,,
999,10231574,,1,,
1000,10237040,,1,,
1001,10249776,,1,,
1002,10250038,,1,,
1003,10328578,,1,,
1004,10339454,,1,,
1005,10345559,,1,,
1006,10365032,,1,,
1007,10380563,,1,,
1008,10386910,,1,,
1009,10451022,,1,,
1010,10485472,,1,,
1011,10547296,,1,,
1012,10561695,,1,,
1013,10562358,,1,,
1014,10582280,,1,,
1015,10586740,,1,,
1016,10601536,,1,,
1017,10615008,,1,,
1018,10619790,,1,,
1019,10630344,,1,,
1020,10636596,,1,,
1021,10638869,,1,,
1022,10639570,,1,,
1023,10648048,,1,,
1024,10655439,,1,,
1025,10693680,,1,,
1026,10701150,,1,,
1027,10709001,,1,,
1028,10728135,,1,,
1029,10734189,,1,,
1030,10734973,,1,,
1031,10750492,,1,,
1032,10757881,,1,,
1033,10766707,,1,,
1034,10808083,,1,,
1035,10825014,,1,,
1036,10836433,,1,,
1037,10881674,,1,,
1038,10897727,,1,,
1039,10911051,,1,,
1040,10951027,,1,,
1041,10984482,,1,,
1042,11000172,,1,,
1043,11043739,,1,,
1044,11046470,,1,,
1045,11060770,,1,,
1046,11101821,,1,,
1047,11104800,,1,,
1048,11116602,,1,,
1049,11118039,,1,,
1050,11133196,,1,,
1051,11138605,,1,,
1052,11143102,,1,,
1053,11150824,,1,,
1054,11174738,,1,,
1055,11175625,,1,,
1056,11256699,,1,,
1057,11283016,,1,,
1058,11301631,,1,,
1059,11317386,,1,,
1060,11319402,,1,,
1061,11327963,,1,,
1062,11340461,,1,,
1063,11361759,,1,,
1064,11417652,,1,,
1065,11426239,,1,,
1066,11482245,,1,,
1067,11497589,,1,,
1068,11503634,,1,,
1069,11522006,,1,,
1070,11533929,,1,,
1071,11631669,,1,,
1072,11657346,,1,,
1073,11708293,,1,,
1074,11734911,,1,,
1075,11784592,,1,,
1076,11789861,,1,,
1077,11806249,,1,,
1078,11813460,,1,,
1079,11814438,,1,,
1080,11820367,,1,,
1081,11846024,,1,,
1082,11859541,,1,,
1083,11898236,,1,,
1084,11906702,,1,,
1085,11922783,,1,,
1086,11923567,,1,,
1087,11931948,,1,,
1088,11994044,,1,,
1089,12006146,,1,,
1090,12060104,,1,,
1091,12069461,,1,,
1092,12079885,,1,,
1093,12104361,,1,,
1094,12111661,,1,,
1095,12115133,,1,,
1096,12119162,,1,,
1097,12122795,,1,,
1098,12122822,,1,,
1099,12138466,,1,,
1100,12144860,,1,,
1101,12152799,,1,,
1102,12171941,,1,,
1103,12176244,,1,,
1104,12178648,,1,,
1105,12205050,,1,,
1106,12210380,,1,,
1107,12269605,,1,,
1108,12284536,,1,,
1109,12290372,,1,,
1110,12343415,,1,,
1111,12355228,,1,,
1112,12385333,,1,,
1113,12387689,,1,,
1114,12390424,,1,,
1115,12415569,,1,,
1116,12418581,,1,,
1117,12428557,,1,,
1118,12472530,,1,,
1119,12472963,,1,,
1120,12481712,,1,,
1121,12522831,,1,,
1122,12527853,,1,,
1123,12557624,,1,,
1124,12617302,,1,,
1125,12661623,,1,,
1126,12668053,,1,,
1127,12686518,,1,,
1128,12723229,,1,,
1129,12748953,,1,,
1130,12754807,,1,,
1131,12758491,,1,,
1132,12766815,,1,,
1133,12772429,,1,,
1134,12801821,,1,,
1135,12932779,,1,,
1136,12950451,,1,,
1137,12954600,,1,,
1138,12980367,,1,,
1139,12982991,,1,,
1140,12984056,,1,,
1141,13028184,,1,,
1142,13066925,,1,,
1143,13087527,,1,,
1144,13095613,,1,,
1145,13131592,,1,,
1146,13148632,,1,,
1147,13166069,,1,,
1148,13187119,,1,,
1149,13194383,,1,,
1150,13199607,,1,,
1151,13200212,,1,,
1152,13214438,,1,,
1153,13254487,,1,,
1154,13303194,,1,,
1155,13388864,,1,,
1156,13448991,,1,,
1157,13485777,,1,,
1158,13530812,,1,,
1159,13577064,,1,,
1160,13589081,,1,,
1161,13593337,,1,,
1162,13658179,,1,,
1163,13734123,,1,,
1164,13765138,,1,,
1165,13776330,,1,,
1166,13779606,,1,,
1167,13796189,,1,,
1168,13810481,,1,,
1169,13842214,,1,,
1170,13869619,,1,,
1171,13941711,,1,,
1172,13953449,,1,,
1173,13973970,,1,,
1174,13982632,,1,,
1175,14002195,,1,,
1176,14036379,,1,,
1177,14066470,,1,,
1178,14071913,,1,,
1179,14073997,,1,,
1180,14074766,,1,,
1181,14119547,,1,,
1182,14120404,,1,,
1183,14127750,,1,,
1184,14137722,,1,,
1185,14162823,,1,,
1186,14163367,,1,,
1187,14194700,,1,,
1188,14216613,,1,,
1189,14227531,,1,,
1190,14248535,,1,,
1191,14261482,,1,,
1192,14262229,,1,,
1193,14262872,,1,,
1194,14336390,,1,,
1195,14369643,,1,,
1196,14449216,,1,,
1197,14468329,,1,,
1198,14498514,,1,,
1199,14530430,,1,,
1200,14539736,,1,,
1201,14541549,,1,,
1202,14544382,,1,,
1203,14544418,,1,,
1204,14580203,,1,,
1205,14655227,,1,,
1206,14668279,,1,,
1207,14729996,,1,,
1208,14743830,,1,,
1209,14821932,,1,,
1210,14841172,,1,,
1211,14872457,,1,,
1212,14878963,,1,,
1213,14889243,,1,,
1214,14893837,,1,,
1215,14922518,,1,,
1216,14945317,,1,,
1217,14979846,,1,,
1218,15006005,,1,,
1219,15032322,,1,,
1220,15035807,,1,,
1221,15052431,,1,,
1222,15065217,,1,,
1223,15079522,,1,,
1224,15097512,,1,,
1225,15125253,,1,,
1226,15138551,,1,,
1227,15143948,,1,,
1228,15166867,,1,,
1229,15171574,,1,,
1230,15180824,,1,,
1231,15185621,,1,,
1232,15189095,,1,,
1233,15205607,,1,,
1234,15207287,,1,,
1235,15231026,,1,,
1236,15233770,,1,,
1237,15250353,,1,,
1238,15256420,,1,,
1239,15333691,,1,,
1240,15345598,,1,,
1241,15392124,,1,,
1242,15406088,,1,,
1243,15419030,,1,,
1244,15422937,,1,,
1245,15431794,,1,,
1246,15568419,,1,,
1247,15598690,,1,,
1248,15685749,,1,,
1249,15707536,,1,,
1250,15708710,,1,,
1251,15775899,,1,,
1252,15789938,,1,,
1253,15802369,,1,,
1254,15804505,,1,,
1255,15820486,,1,,
1256,15829082,,1,,
1257,15841044,,1,,
1258,15846191,,1,,
1259,15852448,,1,,
1260,15884961,,1,,
1261,15921412,,1,,
1262,15944590,,1,,
1263,16005273,,1,,
1264,16010915,,1,,
1265,16090312,,1,,
1266,16161952,,1,,
1267,16163864,,1,,
1268,16163954,,1,,
1269,16170032,,1,,
1270,16199084,,1,,
1271,16253025,,1,,
1272,16254397,,1,,
1273,16276475,,1,,
1274,16296537,,1,,
1275,16375009,,1,,
1276,16435324,,1,,
1277,16487245,,1,,
1278,16533187,,1,,
1279,16571993,,1,,
1280,16577693,,1,,
1281,16583473,,0,,
1282,16609114,,1,,
1283,16628630,,1,,
1284,16631497,,1,,
1285,16633161,,1,,
1286,16650331,,1,,
1287,16651888,,1,,
1288,16701512,,1,,
1289,16736075,,1,,
1290,16755009,,1,,
1291,16773140,,1,,
1292,16774928,,1,,
1293,16891380,,1,,
1294,16905422,,1,,
1295,16940631,,1,,
1296,16942638,,1,,
1297,16944082,,1,,
1298,16964580,,1,,
1299,17017614,,1,,
1300,17025004,,1,,
1301,17034680,,1,,
1302,17036488,,1,,
1303,17064665,,1,,
1304,17072771,,1,,
1305,17082106,,1,,
1306,17094929,,1,,
1307,17096297,,1,,
1308,17152918,,1,,
1309,17212381,,1,,
1310,17250819,,1,,
1311,17293819,,1,,
1312,17329164,,1,,
1313,17357664,,1,,
1314,17394258,,1,,
1315,17407430,,1,,
1316,17435395,,1,,
1317,17469787,,1,,
1318,17532317,,1,,
1319,17532602,,1,,
1320,17590968,,1,,
1321,17594115,,1,,
1322,17612059,,1,,
1323,17630005,,1,,
1324,17688149,,1,,
1325,17701714,,1,,
1326,17704687,,1,,
1327,17751441,,1,,
1328,17760928,,1,,
1329,17768217,,1,,
1330,17779078,,1,,
1331,17780241,,1,,
1332,17780940,,1,,
1333,17820109,,1,,
1334,17863445,,1,,
1335,17932695,,1,,
1336,17956148,,1,,
1337,18002674,,1,,
1338,18038725,,1,,
1339,18078971,,1,,
1340,18095762,,1,,
1341,18132283,,1,,
1342,18135683,,1,,
1343,18164736,,1,,
1344,18191427,,1,,
1345,18223395,,1,,
1346,18296828,,1,,
1347,18300976,,1,,
1348,18338538,,1,,
1349,18346951,,1,,
1350,18412267,,1,,
1351,18575594,,1,,
1352,18646605,,1,,
1353,18648499,,1,,
1354,18677024,,1,,
1355,18679163,,1,,
1356,18720513,,1,,
1357,18728824,,1,,
1358,18817588,,1,,
1359,18873445,,1,,
1360,18944312,,1,,
1361,18964342,,1,,
1362,19110402,,1,,
1363,19132175,,1,,
1364,19150551,,1,,
1365,19211814,,1,,
1366,19239530,,1,,
1367,19243925,,1,,
1368,19334955,,1,,
1369,19348791,,1,,
1370,19350210,,1,,
1371,19381366,,1,,
1372,19394205,,1,,
1373,19450650,,1,,
1374,19481791,,1,,
1375,19503319,,1,,
1376,19533490,,1,,
1377,19555983,,1,,
1378,19566327,,1,,
1379,19568880,,1,,
1380,19625873,,1,,
1381,19636917,,1,,
1382,19646204,,1,,
1383,19673845,,1,,
1384,19749333,,1,,
1385,19751572,,1,,
1386,19757449,,1,,
1387,19817645,,1,,
1388,19836867,,1,,
1389,19857083,,1,,
1390,19866338,,1,,
1391,19950109,,1,,
1392,20003337,,1,,
1393,20050450,,1,,
1394,20106324,,1,,
1395,20223535,,1,,
1396,20231571,,1,,
1397,20296916,,1,,
1398,20300696,,1,,
1399,20401657,,1,,
1400,20411882,,1,,
1401,20412430,,1,,
1402,20439333,,1,,
1403,20503774,,1,,
1404,20503968,,1,,
1405,20555536,,1,,
1406,20562475,,1,,
1407,20612813,,1,,
1408,20695773,,1,,
1409,20717056,,1,,
1410,20717262,,1,,
1411,20726321,,1,,
1412,20729348,,1,,
1413,20730246,,1,,
1414,20751239,,1,,
1415,20765287,,1,,
1416,20790978,,1,,
1417,20792440,,1,,
1418,20805936,,1,,
1419,20811532,,1,,
1420,20856270,,1,,
1421,20885212,,1,,
1422,20886062,,1,,
1423,20977157,,1,,
1424,21001957,,1,,
1425,21021974,,1,,
1426,21022185,,1,,
1427,21032928,,1,,
1428,21034347,,1,,
1429,21059720,,1,,
1430,21083569,,1,,
1431,21098113,,1,,
1432,21166896,,1,,
1433,21186505,,1,,
1434,21247455,,1,,
1435,21357628,,1,,
1436,21463653,,1,,
1437,21472437,,1,,
1438,21483975,,1,,
1439,21501126,,1,,
1440,21504822,,1,,
1441,21519513,,1,,
1442,21534713,,1,,
1443,21537893,,1,,
1444,21537915,,1,,
1445,21558846,,1,,
1446,21560613,,1,,
1447,21569423,,1,,
1448,21622157,,1,,
1449,21648055,,1,,
1450,21712071,,1,,
1451,21726991,,0,,
1452,21793560,,1,,
1453,21799221,,1,,
1454,21825503,,1,,
1455,21864241,,1,,
1456,21870028,,1,,
1457,21873399,,1,,
1458,21882055,,1,,
1459,21990117,,1,,
1460,22076771,,1,,
1461,22110879,,1,,
1462,22130162,,1,,
1463,22197967,,1,,
1464,22635556,,1,,
1465,22647997,,1,,
1466,22685376,,1,,
1467,22720730,,1,,
1468,22721558,,1,,
1469,22756190,,1,,
1470,22801070,,1,,
1471,22813322,,1,,
1472,22874530,,1,,
1473,22886148,,1,,
1474,22897550,,1,,
1475,22994192,,1,,
1476,23029554,,1,,
1477,23068110,,1,,
1478,23100117,,1,,
1479,23158491,,1,,
1480,23170350,,1,,
1481,23185232,,1,,
1482,23213732,,1,,
1483,23257094,,1,,
1484,23321357,,1,,
1485,23331694,,1,,
1486,23416786,,1,,
1487,23419183,,1,,
1488,23486605,,1,,
1489,23542512,,1,,
1490,23547506,,1,,
1491,23554510,,1,,
1492,23612717,,1,,
1493,23613579,,1,,
1494,23661139,,1,,
1495,23680065,,1,,
1496,23695089,,1,,
1497,23723665,,1,,
1498,23736138,,1,,
1499,23763899,,1,,
1500,23836343,,1,,
1501,23855306,,1,,
1502,23900858,,1,,
1503,23913909,,1,,
1504,23923228,,1,,
1505,23928665,,1,,
1506,23949110,,1,,
1507,23961986,,1,,
1508,23996000,,1,,
1509,24048700,,1,,
1510,24054784,,1,,
1511,24078687,,1,,
1512,24202644,,1,,
1513,24222588,,1,,
1514,24246279,,1,,
1515,24286294,,1,,
1516,24291564,,1,,
1517,24295802,,1,,
1518,24360600,,1,,
1519,24378512,,1,,
1520,24381102,,1,,
1521,24405721,,1,,
1522,24431378,,1,,
1523,24507719,,1,,
1524,24512893,,1,,
1525,24552514,,1,,
1526,24581284,,1,,
1527,24591380,,1,,
1528,24611938,,1,,
1529,24617404,,1,,
1530,24720568,,1,,
1531,24729911,,1,,
1532,24872779,,1,,
1533,24910925,,1,,
1534,24926399,,1,,
1535,24931874,,1,,
1536,24980178,,1,,
1537,25010637,,1,,
1538,25064198,,1,,
1539,25072553,,1,,
1540,25140392,,1,,
1541,25249441,,1,,
1542,25355573,,1,,
1543,25368109,,1,,
1544,25388015,,1,,
1545,25529942,,1,,
1546,25531488,,1,,
1547,25546448,,1,,
1548,25633867,,1,,
1549,25638929,,1,,
1550,25712220,,1,,
1551,25718431,,1,,
1552,25784124,,1,,
1553,25830919,,1,,
1554,25832689,,1,,
1555,26038720,,1,,
1556,26052422,,1,,
1557,26059902,,1,,
1558,26153633,,1,,
1559,26193907,,1,,
1560,26220482,,1,,
1561,26268614,,1,,
1562,26317730,,1,,
1563,26346294,,1,,
1564,26362317,,1,,
1565,26416393,,1,,
1566,26435442,,1,,
1567,26489217,,1,,
1568,26513958,,1,,
1569,26521943,,1,,
1570,26539367,,1,,
1571,26555090,,1,,
1572,26613490,,1,,
1573,26689772,,1,,
1574,26713525,,1,,
1575,26721284,,1,,
1576,26753478,,1,,
1577,26781307,,1,,
1578,26787977,,1,,
1579,26794841,,1,,
1580,26796906,,1,,
1581,26804177,,1,,
1582,26888295,,1,,
1583,26971650,,1,,
1584,27008590,,1,,
1585,27095343,,1,,
1586,27142065,,1,,
1587,27202179,,1,,
1588,27273342,,1,,
1589,27415240,,1,,
1590,27514370,,1,,
1591,27515602,,1,,
1592,27526485,,1,,
1593,27573426,,1,,
1594,27576460,,1,,
1595,27581535,,1,,
1596,27582176,,1,,
1597,27602004,,1,,
1598,27604634,,1,,
1599,27685826,,1,,
1600,27698611,,1,,
1601,27767225,,1,,
1602,27778700,,1,,
1603,27880183,,1,,
1604,27939636,,1,,
1605,27951425,,1,,
1606,27954529,,1,,
1607,27970802,,1,,
1608,27991129,,1,,
1609,28018348,,1,,
1610,28033024,,1,,
1611,28052020,,1,,
1612,28075490,,1,,
1613,28173103,,1,,
1614,28209236,,1,,
1615,28283529,,1,,
1616,28300778,,1,,
1617,28312725,,1,,
1618,28340792,,1,,
1619,28388457,,1,,
1620,28439492,,1,,
1621,28491315,,1,,
1622,28503043,,1,,
1623,28565317,,1,,
1624,28650046,,1,,
1625,28693145,,1,,
1626,28698312,,1,,
1627,28720849,,1,,
1628,28814358,,1,,
1629,28850768,,1,,
1630,28869862,,1,,
1631,28914574,,1,,
1632,29020650,,1,,
1633,29157943,,1,,
1634,29213705,,1,,
1635,29471660,,1,,
1636,29493595,,1,,
1637,29555241,,1,,
1638,29648516,,1,,
1639,29655256,,1,,
1640,29669623,,1,,
1641,29736832,,1,,
1642,29806891,,1,,
1643,29849152,,1,,
1644,29972970,,1,,
1645,30044169,,1,,
1646,30071084,,1,,
1647,30188564,,1,,
1648,30207020,,1,,
1649,30265922,,1,,
1650,30298913,,1,,
1651,30317952,,1,,
1652,30334356,,1,,
1653,30420293,,1,,
1654,30453303,,1,,
1655,30558446,,1,,
1656,30583121,,1,,
1657,30661793,,1,,
1658,30694035,,1,,
1659,30695229,,1,,
1660,30906028,,1,,
1661,31036132,,1,,
1662,31079217,,1,,
1663,31136833,,1,,
1664,31165623,,1,,
1665,31219384,,1,,
1666,31264937,,1,,
1667,31294271,,1,,
1668,31325463,,1,,
1669,31365182,,1,,
1670,31365396,,1,,
1671,31383221,,1,,
1672,31444478,,1,,
1673,31538271,,1,,
1674,31590085,,1,,
1675,31635864,,1,,
1676,31743190,,1,,
1677,31847515,,1,,
1678,31959759,,1,,
1679,31970000,,1,,
1680,31971934,,1,,
1681,32036662,,1,,
1682,32037490,,1,,
1683,32141262,,1,,
1684,32255771,,1,,
1685,32272459,,1,,
1686,32335069,,1,,
1687,32399995,,1,,
1688,32609352,,1,,
1689,32706505,,1,,
1690,32779017,,1,,
1691,32923339,,1,,
1692,32968395,,1,,
1693,33278356,,1,,
1694,33314396,,1,,
1695,33427552,,1,,
1696,33550623,,1,,
1697,33716990,,1,,
1698,33725513,,1,,
1699,33789687,,1,,
1700,33797953,,1,,
1701,33848547,,1,,
1702,34007301,,1,,
1703,34050526,,1,,
1704,34104245,,1,,
1705,34111537,,1,,
1706,34116974,,1,,
1707,34121713,,1,,
1708,34141492,,1,,
1709,34144323,,1,,
1710,34258024,,1,,
1711,34284940,,1,,
1712,34344215,,1,,
1713,34469626,,1,,
1714,34532975,,1,,
1715,34745366,,1,,
1716,34776448,,1,,
1717,34891506,,1,,
1718,34929716,,1,,
1719,34970767,,1,,
1720,34993787,,1,,
1721,35016117,,1,,
1722,35018018,,1,,
1723,35069722,,1,,
1724,35097704,,1,,
1725,35124028,,1,,
1726,35191294,,1,,
1727,35275303,,1,,
1728,35279876,,1,,
1729,35327702,,1,,
1730,35411134,,1,,
1731,35463109,,1,,
1732,35615783,,1,,
1733,35666153,,1,,
1734,35680813,,1,,
1735,35712072,,1,,
1736,35751679,,1,,
1737,35813494,,1,,
1738,35813548,,1,,
1739,35887104,,1,,
1740,35896271,,1,,
1741,35936647,,1,,
1742,35990571,,1,,
1743,36018973,,1,,
1744,36020914,,1,,
1745,36117949,,1,,
1746,36124875,,1,,
1747,36127665,,1,,
1748,36184009,,1,,
1749,36218155,,1,,
1750,36233647,,1,,
1751,36424238,,1,,
1752,36504856,,1,,
1753,36538267,,1,,
1754,36548701,,1,,
1755,36607755,,1,,
1756,36622252,,1,,
1757,36650828,,1,,
1758,36698583,,1,,
1759,36739212,,1,,
1760,36981460,,1,,
1761,37030975,,1,,
1762,37032072,,1,,
1763,37099096,,1,,
1764,37177667,,1,,
1765,37207241,,1,,
1766,37210379,,1,,
1767,37275246,,1,,
1768,37459154,,1,,
1769,37566818,,1,,
1770,37570838,,1,,
1771,37610930,,1,,
1772,37669251,,1,,
1773,37681744,,1,,
1774,37781517,,1,,
1775,37862782,,1,,
1776,37923698,,1,,
1777,37928392,,1,,
1778,37965268,,1,,
1779,37976387,,1,,
1780,38013761,,1,,
1781,38047041,,1,,
1782,38082619,,1,,
1783,38093562,,1,,
1784,38169857,,1,,
1785,38218137,,1,,
1786,38244233,,1,,
1787,38277145,,1,,
1788,38277876,,1,,
1789,38319904,,1,,
1790,38330281,,1,,
1791,38436463,,1,,
1792,38454895,,1,,
1793,38461119,,1,,
1794,38517627,,1,,
1795,38565226,,1,,
1796,38638443,,1,,
1797,38678143,,1,,
1798,38929770,,1,,
1799,39062213,,1,,
1800,39110205,,1,,
1801,39113880,,1,,
1802,39169031,,1,,
1803,39206207,,1,,
1804,39261812,,1,,
1805,39328627,,1,,
1806,39370811,,1,,
1807,39429934,,1,,
1808,39455800,,1,,
1809,39473410,,1,,
1810,39613640,,1,,
1811,39726832,,1,,
1812,39789054,,1,,
1813,39790779,,1,,
1814,39802227,,1,,
1815,39910725,,1,,
1816,39989841,,1,,
1817,39990906,,1,,
1818,40099272,,1,,
1819,40101313,,1,,
1820,40193785,,1,,
1821,40256509,,1,,
1822,40270145,,1,,
1823,40316585,,1,,
1824,40355042,,1,,
1825,40377641,,1,,
1826,40430085,,1,,
1827,40634779,,1,,
1828,40635037,,1,,
1829,40659739,,1,,
1830,40676061,,1,,
1831,40681358,,1,,
1832,40706196,,1,,
1833,40788593,,1,,
1834,40850325,,1,,
1835,40853564,,1,,
1836,40872276,,1,,
1837,40897714,,1,,
1838,40952315,,1,,
1839,41036392,,1,,
1840,41102025,,1,,
1841,41209835,,1,,
1842,41226393,,1,,
1843,41244945,,1,,
1844,41313817,,1,,
1845,41343847,,1,,
1846,41350323,,1,,
1847,41361513,,1,,
1848,41461733,,1,,
1849,41470824,,1,,
1850,41558912,,1,,
1851,41561119,,1,,
1852,41652525,,1,,
1853,41691808,,1,,
1854,41827689,,1,,
1855,41832053,,1,,
1856,41881731,,1,,
1857,41933599,,1,,
1858,41945853,,1,,
1859,41959219,,1,,
1860,42109537,,1,,
1861,42219291,,1,,
1862,42327685,,1,,
1863,42409046,,1,,
1864,42577483,,1,,
1865,42584034,,1,,
1866,42613804,,1,,
1867,42667380,,1,,
1868,42877181,,1,,
1869,42885335,,1,,
1870,42886082,,1,,
1871,42906962,,1,,
1872,42911391,,1,,
1873,42948209,,1,,
1874,43012498,,1,,
1875,43023333,,1,,
1876,43090989,,1,,
1877,43161356,,1,,
1878,43240921,,1,,
1879,43259405,,1,,
1880,43349865,,1,,
1881,43471704,,1,,
1882,43565515,,1,,
1883,43590972,,1,,
1884,43655467,,1,,
1885,43670970,,1,,
1886,43764469,,1,,
1887,43862213,,1,,
1888,43932817,,1,,
1889,44024133,,1,,
1890,44158599,,1,,
1891,44200653,,1,,
1892,44267303,,1,,
1893,44432141,,1,,
1894,44445863,,1,,
1895,44657811,,1,,
1896,44687496,,1,,
1897,44771865,,1,,
1898,44774469,,1,,
1899,44871936,,1,,
1900,44913823,,1,,
1901,45069320,,1,,
1902,45101786,,1,,
1903,45123115,,1,,
1904,45155517,,1,,
1905,45263964,,1,,
1906,45304660,,1,,
1907,45350337,,1,,
1908,45495375,,1,,
1909,45587972,,1,,
1910,45786070,,1,,
1911,46012704,,1,,
1912,46048906,,1,,
1913,46064443,,1,,
1914,46140441,,1,,
1915,46159733,,1,,
1916,46525815,,1,,
1917,46536544,,1,,
1918,46637327,,1,,
1919,46696994,,1,,
1920,46758355,,1,,
1921,46885739,,1,,
1922,46914366,,1,,
1923,46958501,,1,,
1924,47026278,,1,,
1925,47171261,,1,,
1926,47347356,,1,,
1927,47491355,,1,,
1928,47615357,,1,,
1929,47824385,,1,,
1930,47911419,,1,,
1931,48081887,,0,,
1932,48131122,,0,,
1933,48198717,,1,,
1934,48309752,,1,,
1935,48341644,,1,,
1936,48390436,,1,,
1937,48562201,,1,,
1938,48642013,,1,,
1939,48645551,,1,,
1940,48650523,,1,,
1941,48664466,,1,,
1942,48734818,,1,,
1943,48811338,,1,,
1944,48859302,,1,,
1945,48933861,,1,,
1946,49095152,,1,,
1947,49098226,,1,,
1948,49228940,,1,,
1949,49282120,,1,,
1950,49431960,,1,,
1951,49440330,,1,,
1952,49541739,,1,,
1953,49543565,,1,,
1954,49577798,,1,,
1955,49635010,,1,,
1956,49684505,,1,,
1957,49710594,,1,,
1958,49714500,,1,,
1959,49805355,,1,,
1960,49918232,,1,,
1961,50115586,,1,,
1962,50140027,,1,,
1963,50177318,,1,,
1964,50257816,,1,,
1965,50262451,,1,,
1966,50291804,,1,,
1967,50349408,,1,,
1968,50382327,,1,,
1969,50384829,,1,,
1970,50515381,,1,,
1971,50516583,,1,,
1972,50885817,,1,,
1973,50887257,,1,,
1974,50888658,,1,,
1975,50889510,,1,,
1976,50897618,,1,,
1977,50907040,,1,,
1978,50934068,,1,,
1979,51098795,,1,,
1980,51268716,,1,,
1981,51316624,,1,,
1982,51389505,,1,,
1983,51412210,,1,,
1984,51596341,,1,,
1985,51663590,,1,,
1986,51676290,,1,,
1987,51724102,,1,,
1988,51731660,,1,,
1989,51741154,,1,,
1990,51835490,,1,,
1991,51883557,,1,,
1992,51888333,,1,,
1993,51903875,,1,,
1994,51908383,,1,,
1995,51939140,,1,,
1996,51959403,,1,,
1997,52015354,,1,,
1998,52041369,,1,,
1999,52051957,,1,,
2000,52101192,,1,,
2001,52148199,,1,,
2002,52311217,,1,,
2003,52313271,,1,,
2004,52356704,,1,,
2005,52410601,,1,,
2006,52525144,,1,,
2007,52847952,,1,,
2008,52875099,,1,,
2009,52935515,,1,,
2010,53080946,,1,,
2011,53155665,,1,,
2012,53169227,,1,,
2013,53281965,,1,,
2014,53447296,,1,,
2015,53452431,,1,,
2016,53537224,,1,,
2017,53614635,,1,,
2018,53666276,,1,,
2019,53723101,,1,,
2020,53807169,,1,,
2021,54176126,,1,,
2022,54179831,,1,,
2023,54302241,,1,,
2024,54310204,,1,,
2025,54310958,,1,,
2026,54320669,,1,,
2027,54489333,,1,,
2028,54605956,,1,,
2029,54622858,,1,,
2030,54682761,,1,,
2031,54716818,,1,,
2032,54820821,,1,,
2033,54830628,,1,,
2034,54881094,,1,,
2035,54883260,,1,,
2036,54991338,,1,,
2037,55046775,,1,,
2038,55076106,,1,,
2039,55103645,,1,,
2040,55142435,,1,,
2041,55237972,,1,,
2042,55413615,,1,,
2043,55472658,,1,,
2044,55536130,,1,,
2045,55665060,,1,,
2046,55670542,,0,,
2047,55707535,,1,,
2048,55806099,,1,,
2049,55943389,,1,,
2050,56005367,,1,,
2051,56058077,,1,,
2052,56078674,,1,,
2053,56202226,,1,,
2054,56391194,,1,,
2055,56503135,,1,,
2056,56523861,,1,,
2057,56611778,,1,,
2058,56681849,,1,,
2059,56855891,,1,,
2060,57038419,,1,,
2061,57053558,,1,,
2062,57054075,,1,,
2063,57224574,,1,,
2064,57236849,,1,,
2065,57532693,,1,,
2066,57776439,,1,,
2067,57899508,,1,,
2068,57949759,,1,,
2069,58001597,,1,,
2070,58026109,,1,,
2071,58054871,,1,,
2072,58143275,,1,,
2073,58184373,,1,,
2074,58541848,,1,,
2075,58550328,,1,,
2076,58871212,,1,,
2077,58980963,,1,,
2078,58993125,,1,,
2079,58996772,,1,,
2080,59065468,,1,,
2081,59072238,,1,,
2082,59131071,,1,,
2083,59152387,,1,,
2084,59160694,,1,,
2085,59223335,,1,,
2086,59231435,,1,,
2087,59290300,,1,,
2088,59298917,,1,,
2089,59317222,,1,,
2090,59348511,,1,,
2091,59435418,,1,,
2092,59519620,,1,,
2093,59532891,,1,,
2094,59640486,,1,,
2095,59918507,,1,,
2096,60188548,,1,,
2097,60213024,,1,,
2098,60226512,,1,,
2099,60527437,,1,,
2100,60761891,,1,,
2101,60795186,,1,,
2102,61057130,,1,,
2103,61063114,,1,,
2104,61302222,,1,,
2105,61345639,,1,,
2106,61360206,,1,,
2107,61674344,,1,,
2108,61796638,,1,,
2109,61928398,,1,,
2110,62016195,,1,,
2111,62070245,,1,,
2112,62075195,,1,,
2113,62198286,,1,,
2114,62213187,,1,,
2115,62218984,,1,,
2116,62234492,,1,,
2117,62256877,,1,,
2118,62384682,,1,,
2119,62453234,,1,,
2120,62633302,,1,,
2121,62884441,,1,,
2122,62891411,,1,,
2123,62901800,,1,,
2124,63009552,,1,,
2125,63047696,,1,,
2126,63051748,,1,,
2127,63198399,,1,,
2128,63200951,,1,,
2129,63229593,,1,,
2130,63374052,,1,,
2131,63379768,,1,,
2132,63403561,,1,,
2133,63689974,,1,,
2134,63947879,,1,,
2135,63954733,,1,,
2136,64058122,,1,,
2137,64083412,,1,,
2138,64187250,,1,,
2139,64269533,,1,,
2140,64429620,,1,,
2141,64515600,,1,,
2142,64575692,,1,,
2143,64763737,,1,,
2144,64778961,,1,,
2145,64805231,,1,,
2146,64903899,,1,,
2147,65195536,,1,,
2148,65311501,,1,,
2149,65354184,,1,,
2150,65499078,,1,,
2151,65507473,,1,,
2152,65726695,,1,,
2153,65847508,,1,,
2154,65849529,,1,,
2155,65888875,,1,,
2156,65898466,,1,,
2157,66030241,,1,,
2158,66045682,,1,,
2159,66205179,,1,,
2160,66296022,,1,,
2161,66299543,,1,,
2162,66471939,,1,,
2163,66686418,,1,,
2164,66933654,,1,,
2165,66934078,,1,,
2166,67624786,,1,,
2167,67701382,,1,,
2168,67723465,,1,,
2169,67751158,,1,,
2170,67972389,,1,,
2171,68272406,,1,,
2172,68346724,,1,,
2173,68356937,,1,,
2174,68706004,,1,,
2175,68915497,,1,,
2176,69002561,,1,,
2177,69005335,,1,,
2178,69033672,,1,,
2179,69075205,,1,,
2180,69159007,,1,,
2181,69328474,,1,,
2182,69424118,,1,,
2183,69803890,,1,,
2184,69815537,,1,,
2185,69970452,,1,,
2186,70110996,,1,,
2187,70135382,,1,,
2188,70183941,,1,,
2189,70185663,,1,,
2190,70278696,,1,,
2191,70349025,,1,,
2192,70525839,,1,,
2193,70530657,,1,,
2194,71266921,,1,,
2195,71477006,,1,,
2196,71488429,,1,,
2197,71537343,,1,,
2198,71706436,,1,,
2199,71709297,,1,,
2200,71851332,,1,,
2201,71922291,,1,,
2202,72309789,,1,,
2203,72627055,,1,,
2204,72653077,,1,,
2205,72826244,,1,,
2206,72842971,,1,,
2207,72863197,,1,,
2208,73006377,,1,,
2209,73016735,,1,,
2210,73094500,,1,,
2211,73652199,,1,,
2212,73764866,,1,,
2213,73888861,,1,,
2214,73910042,,1,,
2215,73928605,,1,,
2216,73931643,,1,,
2217,74087707,,1,,
2218,74189875,,1,,
2219,74457245,,1,,
2220,74600854,,1,,
2221,74650080,,1,,
2222,74744550,,1,,
2223,74838579,,1,,
2224,74967668,,1,,
2225,74972927,,1,,
2226,75161086,,1,,
2227,75212261,,1,,
2228,75451173,,1,,
2229,75620994,,1,,
2230,75777383,,1,,
2231,75910873,,1,,
2232,75933971,,1,,
2233,75937600,,1,,
2234,76084677,,1,,
2235,76219715,,1,,
2236,76306433,,1,,
2237,76355464,,1,,
2238,76448505,,1,,
2239,76502226,,1,,
2240,76650569,,1,,
2241,76692902,,1,,
2242,76721318,,1,,
2243,76728699,,1,,
2244,76754551,,1,,
2245,76906151,,1,,
2246,77238486,,1,,
2247,77336046,,1,,
2248,77471206,,1,,
2249,77548260,,1,,
2250,77646694,,1,,
2251,77681968,,1,,
2252,77713567,,1,,
2253,77934415,,1,,
2254,77963558,,1,,
2255,78288834,,1,,
2256,78326216,,1,,
2257,78591611,,1,,
2258,78764125,,1,,
2259,78771728,,1,,
2260,78790432,,1,,
2261,78851477,,1,,
2262,79003823,,1,,
2263,79135086,,1,,
2264,79156055,,1,,
2265,79228669,,1,,
2266,79306296,,1,,
2267,79500346,,1,,
2268,79674582,,1,,
2269,79703460,,1,,
2270,79987687,,1,,
2271,80019305,,1,,
2272,80063244,,1,,
2273,80429297,,1,,
2274,80476106,,1,,
2275,81232989,,1,,
2276,81317637,,1,,
2277,81593951,,1,,
2278,81653603,,1,,
2279,81693164,,1,,
2280,81711867,,1,,
2281,81795694,,1,,
2282,81852076,,0,,
2283,81932227,,1,,
2284,81954608,,1,,
2285,82269614,,1,,
2286,82547989,,1,,
2287,82631713,,1,,
2288,83230588,,1,,
2289,83530428,,1,,
2290,83548422,,1,,
2291,83716055,,1,,
2292,83729645,,1,,
2293,84028113,,1,,
2294,84037865,,1,,
2295,84290886,,1,,
2296,84492104,,1,,
2297,84603055,,1,,
2298,84628557,,1,,
2299,84740203,,1,,
2300,84829157,,1,,
2301,84866858,,1,,
2302,84959544,,1,,
2303,84963450,,1,,
2304,84992497,,1,,
2305,85099057,,1,,
2306,85283418,,1,,
2307,85686018,,1,,
2308,85849755,,1,,
2309,85865864,,1,,
2310,85870267,,1,,
2311,85937730,,1,,
2312,86278272,,1,,
2313,86353676,,1,,
2314,86462772,,1,,
2315,86551441,,1,,
2316,86640357,,1,,
2317,86752061,,1,,
2318,87927191,,1,,
2319,88018810,,1,,
2320,88106220,,1,,
2321,88639803,,1,,
2322,88699083,,1,,
2323,88851138,,1,,
2324,88852747,,1,,
2325,88965012,,1,,
2326,89109224,,1,,
2327,89114493,,1,,
2328,89386463,,1,,
2329,89501355,,1,,
2330,89737795,,1,,
2331,89771921,,1,,
2332,90342632,,1,,
2333,90683219,,1,,
2334,90782941,,1,,
2335,90985218,,1,,
2336,91048534,,1,,
2337,91158474,,1,,
2338,91296786,,1,,
2339,91353250,,1,,
2340,91371876,,1,,
2341,91613528,,1,,
2342,91834903,,1,,
2343,92501872,,1,,
2344,92585793,,1,,
2345,93112619,,1,,
2346,93231774,,1,,
2347,93667139,,1,,
2348,93833963,,1,,
2349,93867520,,1,,
2350,93980127,,1,,
2351,94054158,,1,,
2352,94273952,,1,,
2353,94594244,,1,,
2354,94778667,,1,,
2355,94794444,,1,,
2356,94851783,,1,,
2357,94858265,,1,,
2358,94981605,,1,,
2359,95390769,,1,,
2360,95541593,,1,,
2361,96021520,,1,,
2362,96039422,,1,,
2363,96133078,,1,,
2364,96299106,,1,,
2365,96310012,,1,,
2366,96337383,,1,,
2367,96430915,,1,,
2368,96466175,,1,,
2369,96670377,,1,,
2370,96698714,,1,,
2371,96854842,,1,,
2372,96917715,,1,,
2373,96925856,,1,,
2374,97013349,,1,,
2375,97417024,,1,,
2376,97628026,,1,,
2377,97797707,,1,,
2378,97816069,,1,,
2379,98246061,,1,,
2380,98330509,,1,,
2381,98454597,,1,,
2382,98585331,,1,,
2383,98817720,,1,,
2384,99134599,,1,,
2385,99346094,,1,,
2386,99390362,,1,,
2387,99645067,,1,,
2388,99650333,,1,,
2389,99711038,,1,,
2390,100152046,,1,,
2391,100174212,,1,,
2392,100209435,,1,,
2393,100648745,,1,,
2394,100772978,,1,,
2395,100891496,,1,,
2396,101182990,,1,,
2397,101250446,,1,,
2398,101269978,,1,,
2399,101458186,,1,,
2400,101467894,,1,,
2401,102200441,,1,,
2402,102232639,,1,,
2403,102360802,,1,,
2404,102392287,,1,,
2405,102709683,,1,,
2406,102734932,,1,,
2407,102963169,,1,,
2408,102986143,,1,,
2409,103051650,,1,,
2410,103085987,,1,,
2411,103212239,,1,,
2412,103575041,,1,,
2413,103628708,,1,,
2414,103664314,,1,,
2415,103747870,,1,,
2416,103789320,,1,,
2417,103817802,,1,,
2418,103847838,,1,,
2419,103866409,,1,,
2420,104195584,,1,,
2421,104217467,,1,,
2422,104271525,,1,,
2423,104420871,,1,,
2424,104441575,,1,,
2425,104453624,,1,,
2426,104499794,,1,,
2427,104594968,,1,,
2428,104876399,,1,,
2429,105350985,,1,,
2430,105354815,,1,,
2431,105436815,,1,,
2432,105797912,,1,,
2433,105892519,,1,,
2434,106289587,,1,,
2435,106664674,,1,,
2436,107007824,,1,,
2437,107294697,,1,,
2438,107571103,,1,,
2439,107613405,,1,,
2440,107697912,,1,,
2441,107777171,,1,,
2442,107777201,,1,,
2443,107885671,,1,,
2444,108034641,,1,,
2445,108192157,,1,,
2446,108252150,,1,,
2447,108455858,,1,,
2448,108551851,,1,,
2449,108564380,,1,,
2450,108875874,,1,,
2451,109295329,,1,,
2452,109300778,,1,,
2453,109478015,,1,,
2454,109716786,,1,,
2455,110230066,,1,,
2456,110424849,,1,,
2457,110655911,,1,,
2458,110671381,,1,,
2459,110933010,,1,,
2460,111554365,,1,,
2461,111706727,,1,,
2462,112058700,,1,,
2463,112390581,,1,,
2464,112503689,,1,,
2465,112579772,,1,,
2466,112717887,,0,,
2467,112732545,,1,,
2468,112734149,,1,,
2469,113002543,,1,,
2470,113020313,,1,,
2471,113082592,,1,,
2472,113353702,,1,,
2473,113539938,,1,,
2474,113540058,,1,,
2475,113849186,,1,,
2476,114135789,,1,,
2477,114154140,,1,,
2478,114164260,,1,,
2479,114338664,,1,,
2480,114343729,,1,,
2481,114383595,,1,,
2482,114398059,,1,,
2483,114510659,,1,,
2484,114776439,,1,,
2485,115519443,,1,,
2486,115743377,,1,,
2487,115783949,,1,,
2488,116066276,,1,,
2489,116132872,,1,,
2490,116187200,,1,,
2491,116197130,,1,,
2492,116255450,,1,,
2493,116349526,,1,,
2494,116677876,,1,,
2495,116796560,,1,,
2496,116797836,,1,,
2497,116807111,,1,,
2498,116844069,,1,,
2499,116845077,,1,,
2500,116882204,,1,,
2501,117242107,,1,,
2502,117296051,,0,,
2503,117888638,,1,,
2504,117890550,,1,,
2505,118090666,,1,,
2506,118357928,,1,,
2507,118490677,,1,,
2508,118538686,,1,,
2509,119211956,,1,,
2510,119253071,,1,,
2511,119337076,,1,,
2512,119460476,,1,,
2513,119598877,,1,,
2514,119601347,,1,,
2515,119675180,,1,,
2516,120362588,,1,,
2517,120380827,,1,,
2518,120547913,,1,,
2519,120559440,,1,,
2520,120739476,,0,,
2521,120745739,,1,,
2522,121508668,,1,,
2523,121674303,,1,,
2524,121814318,,1,,
2525,121909220,,1,,
2526,121955379,,1,,
2527,122817717,,1,,
2528,122893446,,1,,
2529,122956090,,1,,
2530,123032316,,1,,
2531,123392948,,1,,
2532,123413775,,1,,
2533,123465198,,1,,
2534,123717342,,1,,
2535,123930441,,1,,
2536,123993606,,1,,
2537,124000696,,1,,
2538,124030357,,1,,
2539,124061312,,1,,
2540,124237410,,1,,
2541,124353513,,1,,
2542,124887626,,1,,
2543,125150441,,1,,
2544,125170011,,1,,
2545,125484383,,1,,
2546,125929986,,1,,
2547,125955617,,1,,
2548,125989381,,1,,
2549,126010926,,1,,
2550,126280451,,1,,
2551,126398491,,1,,
2552,126490959,,1,,
2553,126527164,,1,,
2554,126739564,,1,,
2555,126887819,,1,,
2556,127482361,,1,,
2557,127567645,,1,,
2558,127653461,,1,,
2559,127724859,,1,,
2560,127902893,,1,,
2561,128252796,,1,,
2562,128257586,,1,,
2563,128567999,,1,,
2564,128824401,,1,,
2565,128959838,,1,,
2566,129000409,,1,,
2567,129024699,,1,,
2568,129536641,,1,,
2569,129899545,,1,,
2570,129919838,,1,,
2571,129920958,,1,,
2572,129956741,,1,,
2573,130011958,,1,,
2574,130028166,,1,,
2575,130158127,,1,,
2576,130223809,,1,,
2577,130390958,,1,,
2578,130464711,,1,,
2579,130699722,,1,,
2580,130792415,,1,,
2581,130800488,,1,,
2582,130804906,,1,,
2583,130872820,,1,,
2584,131010035,,1,,
2585,131028869,,1,,
2586,131178104,,1,,
2587,131410175,,1,,
2588,131559796,,1,,
2589,131674933,,1,,
2590,131740731,,1,,
2591,131771466,,1,,
2592,132158719,,1,,
2593,132312423,,1,,
2594,132596381,,1,,
2595,133061551,,1,,
2596,133290536,,1,,
2597,133379972,,1,,
2598,133534312,,1,,
2599,133802717,,1,,
2600,133875116,,1,,
2601,133893358,,1,,
2602,133988801,,1,,
2603,134089221,,1,,
2604,134242556,,1,,
2605,134265729,,1,,
2606,134405275,,1,,
2607,134550113,,1,,
2608,134698146,,1,,
2609,134738721,,1,,
2610,134841023,,1,,
2611,135416414,,1,,
2612,135510466,,1,,
2613,135845813,,1,,
2614,136236479,,1,,
2615,136248252,,1,,
2616,136349466,,1,,
2617,136775935,,1,,
2618,136873960,,1,,
2619,136928662,,1,,
2620,137163004,,1,,
2621,137318065,,1,,
2622,137546438,,1,,
2623,137876333,,1,,
2624,137949177,,1,,
2625,137980489,,1,,
2626,138183699,,1,,
2627,138297757,,1,,
2628,138321551,,1,,
2629,138513631,,1,,
2630,138614821,,1,,
2631,138744221,,1,,
2632,138938457,,1,,
2633,139063900,,1,,
2634,139114412,,1,,
2635,139475013,,1,,
2636,139493251,,1,,
2637,140007238,,1,,
2638,140435472,,1,,
2639,140546022,,1,,
2640,140567775,,1,,
2641,141252702,,1,,
2642,141315541,,1,,
2643,141336147,,1,,
2644,141542173,,1,,
2645,141584000,,1,,
2646,141671429,,1,,
2647,141874605,,1,,
2648,142016547,,1,,
2649,142215914,,1,,
2650,142397786,,1,,
2651,142418483,,1,,
2652,142610768,,1,,
2653,142788954,,1,,
2654,142862527,,1,,
2655,142876066,,1,,
2656,143381838,,1,,
2657,143593760,,1,,
2658,143926375,,1,,
2659,144219586,,1,,
2660,144259355,,1,,
2661,144664632,,1,,
2662,145324072,,1,,
2663,145341100,,1,,
2664,145348806,,1,,
2665,145488772,,1,,
2666,145802819,,1,,
2667,145868022,,1,,
2668,146101075,,1,,
2669,146280992,,1,,
2670,146306632,,1,,
2671,146418833,,1,,
2672,146682595,,1,,
2673,146752325,,1,,
2674,146859530,,1,,
2675,147152209,,1,,
2676,147563504,,1,,
2677,147646238,,1,,
2678,148094928,,1,,
2679,148546410,,1,,
2680,148643504,,1,,
2681,148899743,,1,,
2682,148901183,,1,,
2683,148946579,,1,,
2684,149111665,,1,,
2685,149205577,,1,,
2686,149209395,,1,,
2687,149271977,,1,,
2688,149367126,,1,,
2689,149974719,,1,,
2690,150094420,,1,,
2691,150243190,,1,,
2692,150370677,,1,,
2693,150467267,,1,,
2694,150795362,,1,,
2695,150852379,,1,,
2696,151051795,,1,,
2697,151213423,,1,,
2698,151263090,,1,,
2699,151637037,,1,,
2700,151733127,,1,,
2701,151775284,,1,,
2702,152083789,,1,,
2703,152147463,,1,,
2704,152426004,,1,,
2705,153194619,,1,,
2706,153328265,,1,,
2707,154040549,,1,,
2708,154305921,,1,,
2709,154715664,,1,,
2710,154720571,,1,,
2711,154774388,,1,,
2712,154788425,,1,,
2713,154808938,,1,,
2714,154993813,,1,,
2715,155203517,,1,,
2716,155255528,,1,,
2717,155909339,,1,,
2718,157746231,,1,,
2719,158023606,,1,,
2720,158204445,,1,,
2721,158286631,,1,,
2722,158528053,,1,,
2723,158531401,,1,,
2724,158661580,,1,,
2725,159231006,,1,,
2726,159289083,,1,,
2727,159355723,,1,,
2728,159863824,,1,,
2729,159981731,,1,,
2730,160028824,,1,,
2731,160049842,,1,,
2732,160214539,,1,,
2733,160340826,,1,,
2734,160410607,,1,,
2735,160446503,,1,,
2736,160554212,,1,,
2737,160690738,,1,,
2738,160873394,,1,,
2739,160922996,,1,,
2740,161119406,,1,,
2741,161129865,,1,,
2742,161380107,,1,,
2743,161562895,,1,,
2744,161572951,,1,,
2745,161704516,,1,,
2746,161712512,,1,,
2747,161945491,,1,,
2748,162271877,,1,,
2749,162631832,,1,,
2750,162903177,,1,,
2751,163001960,,1,,
2752,163267919,,1,,
2753,163379623,,1,,
2754,164049819,,1,,
2755,164530410,,1,,
2756,164624256,,1,,
2757,164729251,,1,,
2758,165335007,,1,,
2759,165352806,,1,,
2760,165360303,,1,,
2761,166548554,,1,,
2762,166896670,,1,,
2763,167140306,,1,,
2764,168078442,,1,,
2765,168091065,,1,,
2766,168125583,,1,,
2767,168172986,,1,,
2768,168187518,,1,,
2769,168311662,,1,,
2770,168497765,,1,,
2771,168552303,,1,,
2772,168715315,,1,,
2773,168877958,,1,,
2774,169100477,,1,,
2775,169257198,,1,,
2776,169346503,,1,,
2777,169659048,,1,,
2778,170513081,,1,,
2779,170523517,,1,,
2780,171145044,,1,,
2781,171317914,,1,,
2782,171753883,,1,,
2783,171824614,,1,,
2784,171964610,,1,,
2785,172033249,,1,,
2786,172146912,,1,,
2787,172462374,,1,,
2788,172586510,,1,,
2789,172875552,,1,,
2790,173641948,,1,,
2791,173771925,,1,,
2792,173795502,,1,,
2793,173834826,,1,,
2794,173883825,,1,,
2795,173993443,,1,,
2796,174150739,,1,,
2797,174229920,,1,,
2798,174524747,,1,,
2799,174578755,,1,,
2800,174751009,,1,,
2801,175453328,,1,,
2802,176239755,,1,,
2803,176514024,,1,,
2804,176597111,,1,,
2805,176725348,,1,,
2806,177133786,,1,,
2807,177184723,,1,,
2808,177386546,,1,,
2809,177860605,,1,,
2810,177866210,,1,,
2811,178170886,,1,,
2812,178208020,,1,,
2813,178254756,,1,,
2814,178392708,,1,,
2815,178474172,,1,,
2816,178751284,,1,,
2817,178752777,,1,,
2818,178753871,,1,,
2819,178790738,,1,,
2820,179173905,,1,,
2821,179446296,,1,,
2822,179717026,,1,,
2823,180215498,,1,,
2824,180436941,,1,,
2825,180477614,,1,,
2826,180659848,,1,,
2827,180865906,,1,,
2828,180908619,,1,,
2829,181287056,,1,,
2830,181322841,,1,,
2831,181329979,,1,,
2832,181433332,,1,,
2833,181435672,,1,,
2834,181592276,,1,,
2835,181801030,,1,,
2836,182034224,,1,,
2837,182547471,,1,,
2838,182558783,,1,,
2839,183298763,,1,,
2840,183378057,,1,,
2841,183513865,,1,,
2842,183542879,,1,,
2843,183653067,,1,,
2844,183689967,,1,,
2845,184642867,,1,,
2846,184993404,,1,,
2847,185175556,,1,,
2848,185553216,,1,,
2849,185683949,,1,,
2850,185879544,,1,,
2851,186012406,,1,,
2852,186881125,,1,,
2853,186901907,,1,,
2854,187095368,,1,,
2855,187099262,,1,,
2856,187156464,,1,,
2857,187313384,,1,,
2858,187414922,,1,,
2859,187678706,,1,,
2860,187790332,,1,,
2861,188520846,,1,,
2862,188674201,,1,,
2863,188674630,,1,,
2864,188811303,,1,,
2865,189670773,,1,,
2866,189938340,,1,,
2867,190134728,,1,,
2868,190325648,,1,,
2869,190617912,,0,,
2870,190753186,,1,,
2871,191200682,,1,,
2872,191345418,,1,,
2873,191351051,,1,,
2874,191419328,,1,,
2875,191827843,,1,,
2876,191913908,,1,,
2877,192025397,,1,,
2878,192098765,,1,,
2879,192212284,,1,,
2880,192223245,,1,,
2881,192343355,,1,,
2882,192521492,,1,,
2883,192726315,,1,,
2884,192790098,,1,,
2885,193021430,,1,,
2886,193107395,,1,,
2887,193399432,,1,,
2888,193593861,,1,,
2889,193608810,,1,,
2890,193643890,,1,,
2891,193820788,,1,,
2892,194038762,,1,,
2893,194229020,,1,,
2894,194242945,,1,,
2895,194270248,,1,,
2896,194542498,,1,,
2897,194892040,,1,,
2898,195335908,,1,,
2899,195555777,,1,,
2900,195837378,,1,,
2901,195942000,,1,,
2902,196397355,,1,,
2903,196837591,,1,,
2904,197476040,,1,,
2905,198334993,,1,,
2906,198355094,,1,,
2907,198421177,,1,,
2908,198659622,,1,,
2909,198688325,,1,,
2910,198935021,,1,,
2911,199055852,,1,,
2912,199409418,,1,,
2913,199670224,,1,,
2914,199735183,,1,,
2915,200109747,,1,,
2916,200189444,,1,,
2917,201254392,,1,,
2918,201328716,,1,,
2919,201623477,,1,,
2920,201819283,,1,,
2921,201850188,,1,,
2922,202246803,,1,,
2923,202654862,,1,,
2924,202668449,,1,,
2925,202696762,,1,,
2926,202927917,,1,,
2927,203527967,,1,,
2928,203782616,,1,,
2929,204386908,,1,,
2930,204416759,,1,,
2931,205415060,,1,,
2932,206461865,,1,,
2933,207109354,,1,,
2934,207109766,,1,,
2935,207558702,,1,,
2936,207931084,,1,,
2937,208199613,,1,,
2938,208231129,,1,,
2939,208543044,,1,,
2940,208628160,,1,,
2941,208926313,,1,,
2942,209310544,,1,,
2943,209500054,,1,,
2944,210469034,,1,,
2945,210667873,,1,,
2946,210668649,,1,,
2947,211071366,,1,,
2948,211145322,,1,,
2949,211460186,,1,,
2950,212431311,,1,,
2951,212707767,,1,,
2952,212757834,,1,,
2953,212782153,,1,,
2954,213105052,,1,,
2955,213302847,,1,,
2956,213701544,,1,,
2957,213758720,,1,,
2958,213873356,,1,,
2959,214676718,,1,,
2960,215065532,,1,,
2961,215288614,,1,,
2962,215397857,,1,,
2963,215487371,,1,,
2964,215801046,,0,,
2965,215947639,,1,,
2966,216015084,,1,,
2967,216022722,,1,,
2968,216268236,,1,,
2969,216599872,,1,,
2970,216674071,,1,,
2971,216848522,,1,,
2972,216935980,,1,,
2973,217239763,,1,,
2974,217732737,,1,,
2975,217922575,,1,,
2976,218081995,,1,,
2977,218093693,,1,,
2978,218230576,,1,,
2979,218262364,,1,,
2980,218307704,,1,,
2981,219026541,,1,,
2982,219812242,,1,,
2983,220552531,,1,,
2984,220709013,,1,,
2985,220795973,,1,,
2986,220888840,,1,,
2987,220900537,,1,,
2988,221480824,,1,,
2989,221565230,,0,,
2990,221988823,,1,,
2991,222023543,,1,,
2992,222058736,,1,,
2993,222186315,,1,,
2994,222754895,,1,,
2995,223473665,,1,,
2996,223478478,,1,,
2997,223999808,,1,,
2998,224498053,,1,,
2999,224618386,,1,,
3000,224692065,,1,,
3001,224777598,,1,,
3002,224806552,,1,,
3003,225136318,,1,,
3004,225390196,,1,,
3005,225562886,,1,,
3006,225905456,,1,,
3007,225962284,,1,,
3008,226021284,,1,,
3009,226452985,,1,,
3010,226508182,,1,,
3011,226513330,,1,,
3012,226987961,,1,,
3013,227107705,,1,,
3014,227110791,,1,,
3015,227783078,,1,,
3016,227962845,,1,,
3017,228209257,,1,,
3018,228209547,,1,,
3019,228268155,,1,,
3020,228344563,,1,,
3021,228731310,,1,,
3022,228780086,,1,,
3023,229086111,,1,,
3024,229248409,,1,,
3025,229536528,,1,,
3026,229966942,,1,,
3027,229977532,,1,,
3028,231081548,,1,,
3029,231102415,,1,,
3030,231456318,,1,,
3031,231620539,,1,,
3032,231697831,,1,,
3033,231792335,,1,,
3034,231937721,,1,,
3035,232691262,,1,,
3036,232697222,,1,,
3037,233380898,,1,,
3038,233501623,,1,,
3039,233797637,,1,,
3040,233999060,,1,,
3041,234256283,,1,,
3042,234791317,,1,,
3043,234913527,,1,,
3044,234968423,,1,,
3045,235286050,,1,,
3046,235372111,,1,,
3047,235869378,,1,,
3048,236347395,,1,,
3049,236614860,,1,,
3050,236937981,,1,,
3051,237151305,,1,,
3052,237426711,,1,,
3053,238005067,,1,,
3054,238057774,,1,,
3055,238115846,,1,,
3056,238253143,,1,,
3057,238503767,,1,,
3058,238724735,,1,,
3059,238751669,,1,,
3060,238757654,,1,,
3061,238859197,,1,,
3062,238884286,,1,,
3063,239550764,,1,,
3064,239594266,,1,,
3065,239721201,,1,,
3066,240164656,,1,,
3067,240621887,,1,,
3068,241046485,,1,,
3069,241066609,,1,,
3070,241136846,,1,,
3071,241406522,,1,,
3072,241537222,,1,,
3073,242031344,,1,,
3074,242921754,,1,,
3075,243127843,,1,,
3076,243240297,,1,,
3077,243301834,,1,,
3078,243647096,,1,,
3079,243931479,,1,,
3080,244491861,,1,,
3081,245535261,,1,,
3082,245735909,,1,,
3083,246631001,,1,,
3084,247176629,,1,,
3085,247402577,,1,,
3086,247482339,,1,,
3087,247597015,,1,,
3088,247760539,,1,,
3089,248238044,,1,,
3090,249826506,,1,,
3091,249829780,,1,,
3092,250036779,,1,,
3093,250042982,,1,,
3094,250093014,,1,,
3095,250448552,,1,,
3096,250688528,,1,,
3097,251786901,,1,,
3098,252102508,,1,,
3099,252184578,,1,,
3100,252283093,,1,,
3101,252351451,,1,,
3102,252352962,,1,,
3103,253015029,,1,,
3104,253274235,,1,,
3105,254276515,,1,,
3106,254288676,,0,,
3107,254922474,,1,,
3108,255710884,,1,,
3109,255731883,,1,,
3110,255777754,,1,,
3111,255777870,,1,,
3112,255832697,,1,,
3113,256161727,,1,,
3114,256340951,,1,,
3115,256448711,,1,,
3116,256450478,,1,,
3117,256662485,,1,,
3118,256796397,,1,,
3119,257165726,,1,,
3120,257227397,,1,,
3121,257762525,,1,,
3122,258124938,,1,,
3123,258156372,,1,,
3124,258157785,,1,,
3125,258164953,,1,,
3126,258578245,,1,,
3127,258626123,,1,,
3128,258720354,,1,,
3129,258723902,,1,,
3130,258725650,,1,,
3131,258951331,,1,,
3132,259541772,,1,,
3133,260110823,,1,,
3134,260117024,,1,,
3135,260130697,,1,,
3136,260134399,,1,,
3137,260135707,,1,,
3138,260172468,,1,,
3139,260281929,,1,,
3140,260540807,,1,,
3141,260845170,,1,,
3142,261041399,,1,,
3143,261046426,,1,,
3144,261565144,,0,,
3145,261835296,,1,,
3146,261914479,,0,,
3147,261933756,,1,,
3148,262157752,,1,,
3149,262283101,,1,,
3150,262462086,,1,,
3151,262845161,,1,,
3152,263248275,,1,,
3153,263388406,,1,,
3154,263406860,,1,,
3155,263423572,,1,,
3156,263691249,,1,,
3157,264070042,,1,,
3158,264075739,,1,,
3159,264209875,,1,,
3160,264218432,,1,,
3161,264453369,,1,,
3162,264648962,,1,,
3163,264684655,,1,,
3164,264750238,,1,,
3165,264905862,,1,,
3166,264934136,,1,,
3167,265128113,,1,,
3168,265137184,,1,,
3169,265193861,,1,,
3170,265315308,,1,,
3171,265603878,,1,,
3172,266006958,,1,,
3173,266193111,,1,,
3174,266208495,,1,,
3175,267383539,,1,,
3176,267547160,,1,,
3177,267668131,,1,,
3178,268329491,,1,,
3179,268422501,,1,,
3180,269464337,,1,,
3181,269483138,,1,,
3182,269531884,,1,,
3183,270222641,,1,,
3184,270230553,,1,,
3185,270258032,,1,,
3186,270721060,,1,,
3187,271097397,,1,,
3188,271226374,,1,,
3189,271461516,,1,,
3190,271866658,,1,,
3191,272316032,,1,,
3192,272408891,,1,,
3193,273000950,,0,,
3194,273038030,,1,,
3195,273064260,,1,,
3196,273286184,,1,,
3197,274419996,,1,,
3198,274436209,,1,,
3199,274773429,,1,,
3200,274959771,,1,,
3201,275214611,,1,,
3202,275501371,,1,,
3203,275585683,,1,,
3204,275595552,,1,,
3205,275930634,,1,,
3206,275975066,,1,,
3207,276279506,,1,,
3208,276519192,,1,,
3209,277019621,,1,,
3210,277253446,,1,,
3211,277280085,,1,,
3212,277329714,,1,,
3213,277542833,,1,,
3214,278149942,,1,,
3215,278544716,,1,,
3216,278812414,,1,,
3217,279377215,,1,,
3218,279716482,,1,,
3219,279764200,,1,,
3220,280627266,,1,,
3221,281097807,,1,,
3222,281641688,,1,,
3223,281663581,,1,,
3224,282338161,,1,,
3225,282742910,,1,,
3226,282762213,,1,,
3227,283717104,,1,,
3228,283929397,,1,,
3229,284031954,,1,,
3230,284150179,,1,,
3231,284301905,,1,,
3232,284943061,,1,,
3233,285584271,,1,,
3234,286506518,,0,,
3235,287290414,,0,,
3236,287323693,,1,,
3237,287482839,,1,,
3238,288314593,,1,,
3239,289393859,,1,,
3240,289878472,,1,,
3241,289914244,,1,,
3242,290100009,,1,,
3243,290964899,,1,,
3244,291259015,,1,,
3245,291879451,,1,,
3246,292250792,,1,,
3247,292309855,,1,,
3248,292859660,,1,,
3249,293122543,,1,,
3250,293476332,,1,,
3251,294265812,,1,,
3252,294365221,,1,,
3253,294462605,,1,,
3254,294463958,,1,,
3255,294688030,,1,,
3256,296234780,,1,,
3257,296243933,,1,,
3258,296340154,,1,,
3259,296515283,,1,,
3260,296570983,,1,,
3261,297424706,,1,,
3262,297489574,,1,,
3263,297652269,,1,,
3264,297885449,,1,,
3265,298022706,,1,,
3266,298587474,,1,,
3267,299489050,,1,,
3268,299530604,,1,,
3269,300100830,,1,,
3270,300793647,,1,,
3271,300939136,,1,,
3272,300987601,,1,,
3273,301446770,,1,,
3274,302307722,,1,,
3275,302714385,,1,,
3276,302839601,,1,,
3277,304288450,,1,,
3278,304352484,,1,,
3279,304618784,,1,,
3280,305032692,,1,,
3281,305106312,,1,,
3282,305276311,,1,,
3283,305531645,,1,,
3284,305539657,,1,,
3285,305678597,,1,,
3286,305769219,,0,,
3287,305975289,,1,,
3288,307010609,,1,,
3289,307504641,,1,,
3290,307825391,,1,,
3291,308119248,,1,,
3292,308155490,,1,,
3293,308485438,,1,,
3294,308681334,,1,,
3295,308683001,,1,,
3296,308685811,,1,,
3297,308871679,,1,,
3298,309029965,,1,,
3299,309134617,,1,,
3300,309223753,,1,,
3301,309586865,,0,,
3302,309646127,,1,,
3303,309656956,,1,,
3304,309664382,,1,,
3305,309726877,,1,,
3306,310224061,,1,,
3307,310390368,,1,,
3308,310504286,,1,,
3309,310605734,,1,,
3310,310640173,,1,,
3311,310644647,,1,,
3312,310659402,,1,,
3313,311777228,,1,,
3314,313101920,,1,,
3315,313237126,,1,,
3316,313374434,,1,,
3317,313569553,,1,,
3318,314476922,,1,,
3319,315247064,,1,,
3320,315535363,,1,,
3321,315548641,,1,,
3322,316386747,,1,,
3323,316455039,,1,,
3324,316753195,,1,,
3325,316756535,,1,,
3326,316824436,,1,,
3327,317956387,,1,,
3328,317979756,,1,,
3329,318426506,,1,,
3330,318478450,,1,,
3331,319069475,,1,,
3332,319128033,,1,,
3333,320547607,,1,,
3334,321273659,,1,,
3335,321613795,,1,,
3336,322280058,,1,,
3337,322663600,,1,,
3338,322963915,,1,,
3339,323137504,,1,,
3340,323588778,,1,,
3341,324878996,,1,,
3342,325224004,,1,,
3343,325564929,,1,,
3344,325879968,,1,,
3345,326140771,,1,,
3346,326155283,,1,,
3347,326716691,,1,,
3348,327610659,,1,,
3349,328004770,,1,,
3350,328644084,,1,,
3351,329237362,,1,,
3352,329609049,,1,,
3353,329942422,,1,,
3354,330229149,,1,,
3355,330874832,,1,,
3356,331334487,,1,,
3357,332259450,,1,,
3358,333092064,,1,,
3359,333353416,,1,,
3360,333682186,,1,,
3361,333694747,,1,,
3362,333969184,,1,,
3363,334306820,,1,,
3364,334311348,,1,,
3365,334500480,,1,,
3366,335410320,,1,,
3367,335570948,,1,,
3368,335921324,,1,,
3369,336522213,,0,,
3370,336524176,,1,,
3371,336790045,,1,,
3372,336799170,,1,,
3373,336901871,,1,,
3374,337054444,,1,,
3375,337396611,,1,,
3376,337472704,,1,,
3377,337662144,,1,,
3378,337804390,,1,,
3379,337875753,,1,,
3380,338708682,,1,,
3381,338971842,,1,,
3382,339141408,,1,,
3383,339646588,,1,,
3384,340820333,,1,,
3385,340955357,,1,,
3386,341221467,,1,,
3387,341323870,,1,,
3388,342498888,,1,,
3389,342601808,,1,,
3390,342801269,,1,,
3391,342871616,,1,,
3392,343287375,,1,,
3393,344478074,,1,,
3394,344844037,,1,,
3395,344858866,,1,,
3396,345875206,,1,,
3397,346367515,,1,,
3398,346587839,,1,,
3399,346640403,,1,,
3400,346878098,,1,,
3401,347767750,,1,,
3402,347777780,,1,,
3403,348548788,,1,,
3404,348675198,,1,,
3405,348782801,,1,,
3406,348848535,,1,,
3407,349499439,,1,,
3408,349752511,,1,,
3409,350172183,,1,,
3410,351328829,,1,,
3411,351332934,,1,,
3412,351451981,,1,,
3413,351843826,,1,,
3414,352550924,,1,,
3415,353037824,,1,,
3416,353225661,,1,,
3417,353282249,,1,,
3418,354301705,,1,,
3419,354604389,,1,,
3420,355345015,,1,,
3421,355379355,,1,,
3422,355508558,,1,,
3423,356289279,,1,,
3424,357271340,,1,,
3425,358204566,,1,,
3426,361158592,,1,,
3427,361313700,,1,,
3428,361982147,,1,,
3429,362312215,,1,,
3430,362734677,,1,,
3431,362938077,,1,,
3432,363074093,,1,,
3433,365901953,,1,,
3434,367112877,,1,,
3435,367613585,,1,,
3436,367711298,,1,,
3437,367991668,,1,,
3438,368520818,,1,,
3439,368541326,,1,,
3440,368693423,,1,,
3441,370146799,,1,,
3442,370567841,,1,,
3443,370585990,,1,,
3444,370689974,,1,,
3445,370718107,,1,,
3446,371634021,,1,,
3447,371891676,,1,,
3448,372400845,,1,,
3449,372637490,,1,,
3450,372795402,,1,,
3451,373330392,,1,,
3452,374138888,,1,,
3453,376398849,,1,,
3454,377498115,,1,,
3455,377967173,,1,,
3456,378564892,,1,,
3457,378604900,,1,,
3458,379107453,,1,,
3459,380817064,,1,,
3460,381588078,,1,,
3461,382181609,,1,,
3462,384341275,,1,,
3463,384577529,,1,,
3464,385460765,,1,,
3465,385593314,,1,,
3466,385734768,,1,,
3467,386540694,,1,,
3468,386695668,,1,,
3469,387595193,,1,,
3470,387724487,,1,,
3471,387995566,,1,,
3472,388454199,,1,,
3473,389114993,,1,,
3474,389605038,,1,,
3475,390190468,,1,,
3476,390203594,,0,,
3477,390671331,,1,,
3478,390770038,,1,,
3479,391416308,,1,,
3480,392346286,,1,,
3481,392491717,,1,,
3482,392979618,,1,,
3483,393578634,,1,,
3484,393694456,,1,,
3485,393828486,,1,,
3486,394270439,,1,,
3487,394949340,,1,,
3488,394998732,,1,,
3489,395918039,,1,,
3490,396097003,,1,,
3491,396198916,,1,,
3492,396231020,,1,,
3493,396940257,,1,,
3494,397090058,,1,,
3495,397201984,,1,,
3496,397204561,,1,,
3497,398014636,,1,,
3498,398696554,,1,,
3499,399318734,,1,,
3500,399639046,,1,,
3501,400275115,,1,,
3502,400484795,,1,,
3503,401354337,,1,,
3504,401987097,,1,,
3505,402747704,,1,,
3506,402835536,,1,,
3507,402908055,,1,,
3508,403015413,,1,,
3509,404028566,,1,,
3510,404740164,,1,,
3511,404888119,,1,,
3512,405115394,,1,,
3513,405159003,,1,,
3514,405519783,,1,,
3515,405597082,,1,,
3516,406528119,,1,,
3517,407025665,,1,,
3518,407093099,,1,,
3519,407597998,,1,,
3520,407762477,,1,,
3521,407850164,,1,,
3522,408881869,,1,,
3523,410060534,,1,,
3524,412411025,,1,,
3525,412694324,,1,,
3526,413092106,,1,,
3527,413160011,,1,,
3528,413265931,,1,,
3529,413275077,,1,,
3530,413275475,,1,,
3531,413275724,,1,,
3532,413276114,,1,,
3533,413276404,,1,,
3534,413276651,,1,,
3535,413276961,,1,,
3536,413277208,,1,,
3537,413277396,,1,,
3538,413277692,,1,,
3539,413617036,,1,,
3540,414023274,,1,,
3541,414023443,,1,,
3542,414023604,,1,,
3543,414023745,,1,,
3544,414024648,,1,,
3545,414024951,,1,,
3546,414025104,,1,,
3547,414713135,,1,,
3548,415195922,,1,,
3549,415810111,,1,,
3550,415833623,,1,,
3551,416167126,,1,,
3552,416602788,,1,,
3553,417510061,,1,,
3554,417657860,,1,,
3555,417699733,,1,,
3556,417764567,,1,,
3557,418270816,,1,,
3558,418521735,,1,,
3559,419585611,,1,,
3560,419798450,,1,,
3561,420415595,,1,,
3562,420452622,,1,,
3563,420938544,,1,,
3564,420963332,,1,,
3565,421413130,,1,,
3566,421864869,,1,,
3567,421951491,,1,,
3568,421967526,,1,,
3569,421971234,,1,,
3570,421972414,,1,,
3571,422801943,,1,,
3572,423400965,,1,,
3573,423815716,,1,,
3574,424004301,,1,,
3575,424271519,,1,,
3576,424283736,,1,,
3577,424332590,,1,,
3578,424525206,,1,,
3579,424549856,,1,,
3580,424664015,,1,,
3581,425056464,,1,,
3582,425161016,,1,,
3583,425269992,,1,,
3584,425994619,,1,,
3585,426018498,,1,,
3586,426153201,,1,,
3587,426483512,,1,,
3588,427023401,,1,,
3589,427640443,,1,,
3590,427880136,,1,,
3591,427979610,,1,,
3592,428047281,,1,,
3593,428264514,,1,,
3594,428355504,,1,,
3595,428383673,,1,,
3596,428498210,,1,,
3597,428498747,,1,,
3598,428500921,,1,,
3599,428912019,,1,,
3600,429753625,,1,,
3601,429883204,,1,,
3602,430194823,,1,,
3603,430225764,,1,,
3604,430226043,,1,,
3605,430288727,,1,,
3606,430337328,,1,,
3607,430800251,,1,,
3608,431556176,,1,,
3609,431710915,,1,,
3610,432032917,,1,,
3611,432137725,,1,,
3612,432139206,,1,,
3613,432273921,,1,,
3614,432485979,,1,,
3615,432866517,,1,,
3616,432993130,,1,,
3617,433396597,,1,,
3618,433523272,,1,,
3619,433676209,,1,,
3620,434205774,,1,,
3621,434349852,,1,,
3622,434893527,,1,,
3623,435026099,,1,,
3624,435083769,,1,,
3625,435322054,,1,,
3626,435478380,,1,,
3627,436123750,,1,,
3628,436275773,,1,,
3629,436641358,,1,,
3630,436780756,,1,,
3631,436871579,,1,,
3632,437142399,,1,,
3633,437835392,,1,,
3634,438136382,,1,,
3635,438599381,,1,,
3636,438727105,,1,,
3637,438902966,,1,,
3638,438922378,,1,,
3639,439196596,,1,,
3640,441187279,,1,,
3641,441889600,,1,,
3642,442475473,,1,,
3643,442935568,,1,,
3644,442941739,,1,,
3645,443056621,,1,,
3646,443059002,,1,,
3647,443218453,,1,,
3648,443236821,,1,,
3649,444114403,,1,,
3650,444198919,,1,,
3651,444617574,,1,,
3652,444760781,,1,,
3653,445185135,,1,,
3654,445813250,,1,,
3655,446279618,,1,,
3656,447035400,,1,,
3657,447205324,,1,,
3658,447208197,,1,,
3659,447736324,,1,,
3660,447848781,,1,,
3661,448055039,,1,,
3662,448118938,,1,,
3663,448782573,,1,,
3664,448883484,,1,,
3665,448915869,,1,,
3666,449485386,,1,,
3667,449867558,,1,,
3668,450157973,,1,,
3669,450525021,,1,,
3670,450549344,,1,,
3671,450924555,,1,,
3672,451654584,,1,,
3673,451845084,,1,,
3674,451950694,,1,,
3675,452221280,,1,,
3676,452550701,,1,,
3677,453132579,,1,,
3678,453979776,,1,,
3679,454228487,,1,,
3680,454650022,,1,,
3681,455185866,,1,,
3682,455787995,,1,,
3683,455799150,,1,,
3684,455819500,,1,,
3685,456078119,,1,,
3686,457101819,,1,,
3687,457389299,,1,,
3688,457413961,,1,,
3689,457484586,,1,,
3690,457584036,,1,,
3691,457592966,,1,,
3692,457725075,,1,,
3693,458386790,,1,,
3694,458862217,,1,,
3695,459160835,,1,,
3696,459330470,,1,,
3697,459692907,,0,,
3698,460489239,,1,,
3699,460530913,,1,,
3700,460582097,,1,,
3701,461035632,,1,,
3702,461185745,,1,,
3703,461238573,,1,,
3704,461319552,,1,,
3705,461734241,,1,,
3706,461806653,,1,,
3707,461820156,,1,,
3708,462008397,,1,,
3709,462025567,,1,,
3710,462545566,,1,,
3711,463106818,,1,,
3712,463127226,,1,,
3713,463553544,,1,,
3714,463557450,,1,,
3715,464673174,,1,,
3716,464677993,,1,,
3717,465249301,,1,,
3718,465253024,,1,,
3719,465352565,,1,,
3720,466105266,,1,,
3721,466212700,,1,,
3722,466587201,,1,,
3723,467570537,,1,,
3724,467933645,,1,,
3725,468157241,,1,,
3726,468214667,,1,,
3727,468299734,,1,,
3728,469084039,,1,,
3729,469608270,,1,,
3730,469735275,,1,,
3731,469866833,,1,,
3732,470967771,,1,,
3733,470978586,,1,,
3734,471226963,,1,,
3735,471593272,,1,,
3736,471646754,,1,,
3737,471789915,,1,,
3738,472315084,,1,,
3739,472651894,,1,,
3740,473232583,,1,,
3741,473311614,,1,,
3742,474146660,,1,,
3743,474317030,,1,,
3744,474676082,,1,,
3745,475638347,,1,,
3746,475793481,,1,,
3747,475811883,,1,,
3748,476575159,,1,,
3749,477050305,,1,,
3750,477112836,,1,,
3751,477190159,,1,,
3752,477247199,,1,,
3753,477963673,,1,,
3754,478093362,,0,,
3755,478407130,,1,,
3756,478504370,,1,,
3757,478681562,,1,,
3758,479025706,,1,,
3759,479623478,,1,,
3760,479722122,,1,,
3761,479722923,,1,,
3762,479723618,,1,,
3763,479724345,,1,,
3764,479725168,,1,,
3765,479726091,,1,,
3766,480159407,,1,,
3767,480281158,,1,,
3768,480291752,,1,,
3769,480305959,,1,,
3770,480602819,,1,,
3771,481560513,,1,,
3772,481582311,,1,,
3773,481799583,,1,,
3774,481875182,,1,,
3775,483034095,,1,,
3776,483304748,,1,,
3777,483311153,,1,,
3778,483555181,,1,,
3779,484326636,,0,,
3780,484631064,,1,,
3781,485007800,,1,,
3782,485033416,,1,,
3783,485302705,,1,,
3784,485466339,,1,,
3785,485761449,,1,,
3786,485924659,,1,,
3787,486065929,,1,,
3788,486106415,,1,,
3789,486359982,,1,,
3790,487642451,,1,,
3791,487722709,,1,,
3792,487907034,,1,,
3793,488206933,,1,,
3794,488314915,,1,,
3795,488337435,,1,,
3796,488973266,,1,,
3797,488997620,,1,,
3798,489056053,,1,,
3799,489453388,,1,,
3800,489563137,,1,,
3801,489650915,,1,,
3802,490430922,,1,,
3803,490557587,,1,,
3804,490593094,,1,,
3805,491297019,,1,,
3806,491301242,,1,,
3807,491524734,,1,,
3808,491623276,,1,,
3809,491705829,,1,,
3810,492169005,,1,,
3811,492378748,,1,,
3812,492394546,,1,,
3813,492429000,,1,,
3814,493001064,,1,,
3815,493689365,,1,,
3816,494284849,,1,,
3817,494465531,,1,,
3818,495389256,,1,,
3819,495554080,,1,,
3820,495776639,,1,,
3821,496543949,,1,,
3822,496564948,,1,,
3823,496924226,,1,,
3824,497122609,,1,,
3825,497981528,,1,,
3826,498182595,,1,,
3827,498834040,,1,,
3828,498847639,,1,,
3829,498992300,,1,,
3830,499033875,,1,,
3831,499054233,,0,,
3832,499183267,,1,,
3833,499525052,,1,,
3834,499891209,,0,,
3835,500027861,,1,,
3836,500137151,,1,,
3837,500519401,,1,,
3838,500917404,,1,,
3839,501017229,,1,,
3840,501647113,,1,,
3841,501968923,,1,,
3842,502287994,,1,,
3843,502627508,,1,,
3844,502744079,,1,,
3845,502903203,,1,,
3846,503523430,,1,,
3847,503589680,,1,,
3848,503934315,,1,,
3849,504274773,,1,,
3850,504431152,,1,,
3851,504479703,,1,,
3852,504574808,,1,,
3853,505163999,,1,,
3854,505174609,,1,,
3855,505205025,,1,,
3856,505337971,,1,,
3857,505387406,,1,,
3858,505465042,,1,,
3859,505715995,,1,,
3860,506043565,,1,,
3861,506403676,,1,,
3862,506626343,,1,,
3863,506912333,,1,,
3864,507414900,,1,,
3865,507587860,,1,,
3866,507967039,,1,,
3867,508352748,,1,,
3868,508722256,,1,,
3869,508805121,,1,,
3870,508955199,,1,,
3871,508962019,,1,,
3872,509141511,,1,,
3873,509547765,,1,,
3874,509555992,,1,,
3875,510003515,,1,,
3876,510942439,,1,,
3877,511186597,,1,,
3878,511484504,,1,,
3879,511695223,,1,,
3880,511837914,,1,,
3881,511843467,,1,,
3882,511909434,,1,,
3883,511985583,,1,,
3884,511994727,,1,,
3885,512028559,,1,,
3886,512323428,,1,,
3887,512639716,,1,,
3888,512658514,,1,,
3889,512682900,,1,,
3890,512794147,,1,,
3891,512794185,,1,,
3892,513249944,,1,,
3893,513713318,,1,,
3894,513747638,,1,,
3895,513780519,,1,,
3896,513892647,,1,,
3897,513914629,,1,,
3898,514049462,,1,,
3899,514111063,,1,,
3900,514397368,,1,,
3901,514540243,,1,,
3902,514735055,,1,,
3903,514977425,,1,,
3904,515987684,,1,,
3905,516000079,,1,,
3906,516086851,,1,,
3907,516293433,,1,,
3908,516323372,,1,,
3909,516701794,,1,,
3910,517066288,,1,,
3911,517092702,,1,,
3912,517102909,,1,,
3913,517730311,,1,,
3914,517835451,,1,,
3915,517987064,,1,,
3916,518064545,,1,,
3917,518256103,,1,,
3918,518516430,,1,,
3919,518858395,,1,,
3920,518888520,,1,,
3921,518922366,,1,,
3922,519032390,,1,,
3923,519063940,,1,,
3924,519190273,,1,,
3925,519372295,,1,,
3926,519680343,,1,,
3927,520153506,,1,,
3928,520185284,,1,,
3929,520834602,,1,,
3930,521171107,,1,,
3931,521184808,,1,,
3932,521387141,,1,,
3933,522132859,,1,,
3934,522421414,,1,,
3935,522489314,,1,,
3936,522515443,,1,,
3937,522775439,,1,,
3938,522860774,,1,,
3939,522909911,,1,,
3940,523062084,,1,,
3941,523122476,,1,,
3942,523250994,,1,,
3943,523314637,,1,,
3944,523403135,,1,,
3945,523458215,,1,,
3946,523821747,,1,,
3947,523962032,,1,,
3948,524588655,,1,,
3949,525202454,,1,,
3950,525321393,,1,,
3951,525426410,,1,,
3952,525785749,,1,,
3953,525883186,,1,,
3954,526102367,,1,,
3955,526285023,,1,,
3956,526842498,,0,,
3957,527781270,,0,,
3958,528041572,,1,,
3959,528053121,,1,,
3960,528446174,,1,,
3961,528471388,,1,,
3962,528497783,,1,,
3963,529463686,,1,,
3964,529583861,,1,,
3965,530234366,,1,,
3966,530394533,,1,,
3967,530692636,,1,,
3968,531948766,,1,,
3969,532151771,,1,,
3970,532181225,,1,,
3971,532184743,,1,,
3972,532689236,,1,,
3973,532926079,,1,,
3974,533257316,,1,,
3975,533306521,,1,,
3976,534468397,,1,,
3977,534789037,,1,,
3978,535044338,,1,,
3979,535471009,,1,,
3980,535675955,,1,,
3981,535805049,,1,,
3982,536157659,,1,,
3983,536624868,,1,,
3984,536640143,,1,,
3985,537065039,,1,,
3986,537105282,,1,,
3987,537392495,,1,,
3988,537599476,,1,,
3989,537848787,,1,,
3990,537904772,,1,,
3991,538222904,,1,,
3992,538240196,,1,,
3993,538244405,,1,,
3994,538455147,,1,,
3995,538718535,,1,,
3996,539000882,,1,,
3997,539079785,,1,,
3998,539335059,,1,,
3999,539372932,,1,,
4000,539442518,,1,,
4001,539800531,,1,,
4002,539989752,,1,,
4003,540185672,,1,,
4004,540456518,,1,,
4005,540545301,,1,,
4006,541051281,,1,,
4007,541277950,,1,,
4008,542371304,,1,,
4009,542512351,,1,,
4010,542524449,,1,,
4011,543074581,,1,,
4012,543244505,,1,,
4013,543532632,,1,,
4014,543667019,,1,,
4015,544025287,,1,,
4016,544119939,,1,,
4017,544128353,,1,,
4018,544772738,,1,,
4019,545699075,,1,,
4020,545840830,,1,,
4021,545986037,,1,,
4022,546114750,,1,,
4023,546627438,,,,
4024,546627713,,,,
4025,546627801,,,,
4026,546777403,,1,,
4027,546950211,,1,,
4028,547118213,,1,,
4029,547476664,,1,,
4030,547661959,,1,,
4031,547797067,,1,,
4032,547801015,,1,,
4033,547930453,,1,,
4034,548332339,,1,,
4035,548807732,,1,,
4036,548808203,,1,,
4037,548808758,,1,,
4038,548840813,,1,,
4039,548947167,,1,,
4040,548988819,,1,,
4041,549228873,,1,,
4042,549247717,,1,,
4043,549288450,,1,,
4044,549310404,,1,,
4045,549376565,,1,,
4046,549397831,,1,,
4047,549618532,,1,,
4048,549939707,,1,,
4049,550046338,,1,,
4050,550177676,,1,,
4051,550471684,,1,,
4052,550485147,,1,,
4053,550521861,,1,,
4054,550851939,,1,,
4055,550863617,,1,,
4056,551069828,,1,,
4057,551716724,,1,,
4058,551998562,,1,,
4059,552103544,,1,,
4060,552115434,,1,,
4061,553459672,,1,,
4062,553949593,,1,,
4063,554612848,,1,,
4064,555020400,,1,,
4065,555217374,,1,,
4066,555252525,,1,,
4067,555266012,,1,,
4068,555290505,,0,,
4069,555644598,,1,,
4070,555758524,,1,,
4071,555930338,,1,,
4072,557036535,,1,,
4073,557047539,,1,,
4074,557223380,,1,,
4075,557388027,,1,,
4076,557562248,,1,,
4077,557751102,,1,,
4078,558498430,,1,,
4079,558839676,,1,,
4080,558841653,,1,,
4081,558961643,,1,,
4082,559451350,,1,,
4083,559572920,,1,,
4084,559587354,,1,,
4085,559591890,,1,,
4086,559615951,,1,,
4087,559703583,,1,,
4088,559778219,,1,,
4089,559810121,,1,,
4090,559920229,,1,,
4091,560650716,,1,,
4092,560733562,,1,,
4093,561253400,,1,,
4094,561651090,,1,,
4095,561654671,,1,,
4096,561689134,,1,,
4097,562004390,,1,,
4098,562011925,,1,,
4099,562210070,,1,,
4100,562348157,,1,,
4101,562577694,,1,,
4102,562848731,,1,,
4103,562920793,,1,,
4104,563436426,,1,,
4105,564421664,,1,,
4106,564743202,,1,,
4107,564785158,,1,,
4108,564983555,,1,,
4109,565577444,,1,,
4110,565996845,,1,,
4111,566054440,,1,,
4112,566729533,,1,,
4113,566923103,,1,,
4114,567652715,,1,,
4115,567872718,,1,,
4116,567874117,,1,,
4117,567968155,,1,,
4118,568042716,,1,,
4119,568251450,,0,,
4120,568367896,,1,,
4121,568367915,,1,,
4122,568659138,,1,,
4123,569197989,,1,,
4124,569208072,,1,,
4125,569404885,,1,,
4126,569516263,,1,,
4127,569518471,,1,,
4128,569889007,,1,,
4129,569890730,,1,,
4130,569988075,,1,,
4131,570048299,,1,,
4132,570375174,,1,,
4133,570445201,,1,,
4134,570529038,,1,,
4135,570588212,,1,,
4136,570854508,,1,,
4137,571192603,,1,,
4138,571516492,,1,,
4139,571718870,,1,,
4140,571906686,,1,,
4141,571976289,,1,,
4142,572074116,,1,,
4143,572357214,,1,,
4144,572393609,,1,,
4145,572415379,,1,,
4146,572621782,,1,,
4147,572768192,,1,,
4148,572809190,,1,,
4149,573530227,,1,,
4150,573547392,,1,,
4151,573745712,,1,,
4152,573785151,,1,,
4153,573974266,,1,,
4154,574431631,,1,,
4155,574636473,,1,,
4156,574822979,,1,,
4157,575067660,,1,,
4158,575276635,,1,,
4159,575361530,,1,,
4160,575860466,,1,,
4161,576093285,,1,,
4162,576255830,,1,,
4163,576260240,,1,,
4164,576294770,,1,,
4165,576731131,,1,,
4166,576840691,,1,,
4167,577401766,,1,,
4168,577477123,,1,,
4169,577924326,,1,,
4170,578298246,,1,,
4171,578480599,,1,,
4172,579019949,,1,,
4173,579187810,,1,,
4174,579363302,,1,,
4175,579381117,,1,,
4176,579596742,,1,,
4177,579698782,,1,,
4178,579816329,,1,,
4179,579880864,,1,,
4180,579918841,,1,,
4181,580553062,,1,,
4182,580704033,,1,,
4183,580831776,,1,,
4184,581043471,,1,,
4185,581845227,,1,,
4186,581862106,,1,,
4187,582044120,,,,
4188,582423097,,1,,
4189,582440876,,1,,
4190,582469398,,1,,
4191,582655843,,1,,
4192,583038545,,1,,
4193,584248314,,1,,
4194,584621628,,1,,
4195,584634940,,1,,
4196,584790509,,1,,
4197,584815473,,1,,
4198,584998018,,1,,
4199,585162954,,1,,
4200,585505425,,1,,
4201,585715851,,1,,
4202,585860310,,1,,
4203,586212576,,1,,
4204,586271150,,1,,
4205,586869801,,1,,
4206,587047663,,1,,
4207,587228228,,1,,
4208,587312436,,1,,
4209,587397376,,1,,
4210,587411096,,1,,
4211,587704084,,1,,
4212,588581263,,1,,
4213,588931684,,1,,
4214,589018643,,1,,
4215,589196823,,1,,
4216,590311999,,1,,
4217,590405469,,1,,
4218,590414708,,1,,
4219,590739984,,1,,
4220,590808030,,1,,
4221,591184482,,1,,
4222,591211818,,1,,
4223,591417008,,1,,
4224,591506527,,1,,
4225,591570912,,1,,
4226,592455088,,1,,
4227,592462332,,1,,
4228,592489056,,1,,
4229,592727844,,1,,
4230,593265416,,1,,
4231,593757281,,1,,
4232,594453104,,1,,
4233,594493990,,1,,
4234,594928235,,1,,
4235,594957596,,1,,
4236,595307511,,1,,
4237,595802902,,1,,
4238,596514958,,1,,
4239,596745075,,1,,
4240,597067585,,1,,
4241,597247261,,1,,
4242,597626317,,1,,
4243,598018525,,1,,
4244,598883825,,1,,
4245,599586191,,1,,
4246,650235263,,1,,
4247,650525891,,0,,
4248,651171511,,1,,
4249,651519841,,1,,
4250,651707669,,1,,
4251,651708962,,1,,
4252,652611635,,1,,
4253,652921428,,1,,
4254,653301072,,1,,
4255,653809620,,1,,
4256,654034957,,1,,
4257,655001387,,1,,
4258,655411672,,1,,
4259,656249096,,1,,
4260,656292275,,1,,
4261,656336369,,1,,
4262,656379161,,1,,
4263,656720500,,1,,
4264,656758007,,1,,
4265,656771398,,1,,
4266,657139073,,1,,
4267,657262901,,1,,
4268,657435858,,1,,
4269,657645609,,1,,
4270,658396625,,1,,
4271,658576058,,1,,
4272,658599457,,1,,
4273,658727841,,1,,
4274,658957084,,1,,
4275,660530528,,1,,
4276,660815877,,1,,
4277,660816688,,1,,
4278,660853423,,1,,
4279,660861939,,1,,
4280,661033402,,1,,
4281,661780910,,1,,
4282,661963505,,1,,
4283,662119670,,1,,
4284,662139821,,1,,
4285,662771647,,1,,
4286,662835268,,1,,
4287,663173639,,1,,
4288,663482155,,1,,
4289,663880735,,1,,
4290,663954910,,1,,
4291,664390282,,1,,
4292,664988387,,1,,
4293,665169682,,1,,
4294,665502263,,1,,
4295,665546395,,1,,
4296,667502243,,1,,
4297,667831288,,1,,
4298,667961337,,1,,
4299,668362390,,1,,
4300,668636615,,1,,
4301,669647408,,1,,
4302,669908756,,1,,
4303,670453315,,1,,
4304,670731813,,1,,
4305,670737196,,1,,
4306,671694016,,1,,
4307,672908984,,1,,
4308,673111874,,1,,
4309,673123317,,1,,
4310,673329235,,1,,
4311,673378950,,1,,
4312,673513076,,1,,
4313,673971393,,1,,
4314,674322323,,1,,
4315,674596225,,1,,
4316,674742751,,1,,
4317,674913593,,1,,
4318,675078827,,1,,
4319,675151780,,1,,
4320,675258968,,1,,
4321,676197805,,1,,
4322,676796615,,1,,
4323,677150760,,1,,
4324,677542508,,1,,
4325,677716952,,1,,
4326,678037725,,1,,
4327,678626755,,1,,
4328,678766972,,1,,
4329,679121771,,1,,
4330,679753877,,1,,
4331,679944800,,1,,
4332,679999268,,1,,
4333,680169713,,1,,
4334,680516636,,1,,
4335,682113029,,1,,
4336,682418706,,1,,
4337,682985920,,1,,
4338,683490176,,1,,
4339,683872066,,1,,
4340,684091840,,1,,
4341,684780017,,1,,
4342,684782815,,1,,
4343,685123044,,,,
4344,685144514,,,,
4345,685144751,,,,
4346,685841139,,1,,
4347,685970566,,1,,
4348,686428190,,1,,
4349,686644233,,1,,
4350,686781509,,1,,
4351,687104633,,1,,
4352,688891976,,1,,
4353,688901627,,1,,
4354,689028952,,,,
4355,689035129,,1,,
4356,689071731,,1,,
4357,689315274,,1,,
4358,689317331,,1,,
4359,689397736,,1,,
4360,689584795,,1,,
4361,689585305,,1,,
4362,689765133,,1,,
4363,690115701,,,,
4364,690137242,,1,,
4365,690140260,,1,,
4366,690710457,,1,,
4367,691269080,,1,,
4368,691689547,,1,,
4369,691784899,,1,,
4370,691956748,,1,,
4371,692216001,,1,,
4372,693839656,,1,,
4373,694201549,,1,,
4374,694242156,,1,,
4375,695308159,,1,,
4376,695346719,,1,,
4377,695641295,,1,,
4378,695835505,,1,,
4379,696452951,,1,,
4380,697491820,,1,,
4381,697609048,,1,,
4382,697894785,,1,,
4383,699147995,,1,,
4384,699314237,,1,,
4385,699474947,,1,,
4386,699492644,,1,,
4387,699522652,,1,,
4388,699576665,,1,,
4389,700574615,,1,,
4390,700675849,,1,,
4391,700888874,,1,,
4392,701417087,,1,,
4393,701621737,,1,,
4394,701814348,,1,,
4395,702090286,,1,,
4396,702177554,,1,,
4397,702376840,,1,,
4398,702805685,,1,,
4399,702996668,,1,,
4400,703182217,,1,,
4401,703447035,,1,,
4402,703477738,,1,,
4403,703710184,,1,,
4404,703811908,,1,,
4405,703817106,,1,,
4406,703852243,,1,,
4407,704385413,,1,,
4408,704387012,,,,
4409,704620561,,1,,
4410,704854545,,1,,
4411,704895586,,1,,
4412,705014680,,1,,
4413,706900281,,1,,
4414,707935354,,1,,
4415,708264750,,1,,
4416,708650707,,1,,
4417,708696579,,1,,
4418,708721049,,1,,
4419,709109514,,1,,
4420,709168941,,1,,
4421,709302666,,1,,
4422,709838068,,1,,
4423,709904202,,1,,
4424,710077762,,1,,
4425,710544566,,1,,
4426,710551863,,1,,
4427,710737737,,1,,
4428,710747414,,1,,
4429,710796097,,1,,
4430,711789620,,1,,
4431,712141451,,1,,
4432,712842858,,1,,
4433,713435633,,1,,
4434,714204441,,1,,
4435,714867799,,1,,
4436,716161861,,1,,
4437,716454369,,1,,
4438,717171396,,1,,
4439,717190258,,1,,
4440,717228107,,1,,
4441,717251134,,1,,
4442,717259777,,1,,
4443,718165604,,,,
4444,718520322,,1,,
4445,718596708,,1,,
4446,718612621,,1,,
4447,718695232,,1,,
4448,719070632,,1,,
4449,719118226,,1,,
4450,719328708,,1,,
4451,719781972,,1,,
4452,720854918,,1,,
4453,721123796,,1,,
4454,721433457,,1,,
4455,722166711,,1,,
4456,722290301,,1,,
4457,722406546,,1,,
4458,722592230,,1,,
4459,723022587,,1,,
4460,723285703,,1,,
4461,723287077,,1,,
4462,723368802,,1,,
4463,723449903,,1,,
4464,723936786,,1,,
4465,723945072,,1,,
4466,724148706,,1,,
4467,724237970,,1,,
4468,724665005,,1,,
4469,725156667,,1,,
4470,725203663,,1,,
4471,725607185,,1,,
4472,725610614,,1,,
4473,727012760,,1,,
4474,727556372,,1,,
4475,728281961,,1,,
4476,728718085,,1,,
4477,729645263,,1,,
4478,730254887,,1,,
4479,730497893,,1,,
4480,730704927,,1,,
4481,730850027,,1,,
4482,730851914,,1,,
4483,731333777,,0,,
4484,731754560,,1,,
4485,732549763,,1,,
4486,733093472,,1,,
4487,733369076,,1,,
4488,734243771,,1,,
4489,734373875,,1,,
4490,734433633,,1,,
4491,734528784,,1,,
4492,734573397,,1,,
4493,734742909,,1,,
4494,734853888,,1,,
4495,734909770,,1,,
4496,736077086,,1,,
4497,736655899,,1,,
4498,736923479,,1,,
4499,737328868,,1,,
4500,740203563,,1,,
4501,740392620,,1,,
4502,740573938,,1,,
4503,741518054,,1,,
4504,741641527,,1,,
4505,741993209,,1,,
4506,742050144,,1,,
4507,742591600,,,,
4508,742626946,,1,,
4509,742805604,,1,,
4510,742997360,,,,
4511,743165078,,1,,
4512,743850601,,1,,
4513,743908948,,,,
4514,743910337,,,,
4515,745110960,,1,,
4516,745319415,,1,,
4517,745615880,,,,
4518,745677775,,1,,
4519,745814999,,1,,
4520,746395937,,1,,
4521,746880486,,,,
4522,746882109,,,,
4523,746884580,,,,
4524,746908225,,,,
4525,746956094,,1,,
4526,746961670,,1,,
4527,746964459,,1,,
4528,747083378,,,,
4529,747083924,,,,
4530,747099377,,,,
4531,747099684,,,,
4532,747100019,,,,
4533,747103467,,,,
4534,747104762,,,,
4535,747104812,,,,
4536,747107217,,,,
4537,747108137,,,,
4538,747108336,,,,
4539,747108699,,,,
4540,747109118,,,,
4541,747109437,,,,
4542,747109593,,,,
4543,747111507,,,,
4544,747256906,,,,
4545,747819646,,,,
4546,747859714,,,,
4547,748058301,,,,
4548,748226151,,1,,
4549,748236196,,,,
4550,748456054,,1,,
4551,749369518,,1,,
4552,750624398,,1,,
4553,750906982,,1,,
4554,751997630,,1,,
4555,752121258,,,,
4556,753045288,,1,,
4557,753407128,,1,,
4558,755980953,,1,,
4559,1667986058872998191,,1,,
4560,1668888696745137332,,1,,
4561,1669706844497549305,,1,,
4562,1673060601286113569,,1,,
4563,1673936912462322648,,1,,
4564,1674749865973887769,,1,,
4565,1678944708684416854,,1,,
4566,1681034071143410599,,1,,
4567,1681897441653265922,,1,,
4568,1683498585680337691,,1,,
4569,1683917375480197097,,1,,
4570,1684680908892471049,,1,,
4571,1686901243440795948,,1,,
4572,1688520915064597470,,1,,
4573,1690494699033913946,,1,,
4574,1690627140679620999,,1,,
4575,1694989992556877603,,1,,
4576,1696477480833476577,,1,,
4577,1696662530124086589,,1,,
4578,1697830361162424491,,1,,
4579,1699137742154939322,,1,,
4580,1699402308738573987,,1,,
4581,1700884250230061499,,1,,
4582,1701611204918351142,,1,,
4583,1701652805602795464,,1,,
4584,1703620659592919572,,1,,
4585,1703632826117618932,,1,,
4586,1704368631254741837,,1,,
4587,1705836904978316936,,1,,
4588,1706445663150320952,,1,,
4589,1707079226838117684,,1,,
4590,1708615535514742093,,1,,
4591,1710179411438369608,,1,,
4592,1711590227548010076,,1,,
4593,1711604218927209213,,1,,
4594,1713752248590407921,,1,,
4595,1713762124075096543,,1,,
