neighborhood_id,observation_date,avg_rent_per_m2
1,2025-01-01,16.09
1,2025-04-01,16.63
1,2025-07-01,17.37
1,2025-10-01,16.50
2,2025-01-01,16.63
2,2025-04-01,16.34
2,2025-07-01,16.69
2,2025-10-01,16.30
3,2025-01-01,22.27
3,2025-04-01,22.39
3,2025-07-01,23.11
3,2025-10-01,22.94
4,2025-01-01,18.12
4,2025-04-01,18.32
4,2025-07-01,18.39
4,2025-10-01,19.61
5,2025-01-01,14.93
5,2025-04-01,15.75
5,2025-07-01,16.67
5,2025-10-01,15.04
6,2025-01-01,16.68
6,2025-04-01,16.66
6,2025-07-01,17.03
6,2025-10-01,17.13
7,2025-01-01,17.25
7,2025-04-01,16.76
7,2025-07-01,17.43
7,2025-10-01,18.01
8,2025-01-01,16.19
8,2025-04-01,16.53
8,2025-07-01,17.16
8,2025-10-01,17.12
9,2025-01-01,16.95
9,2025-04-01,17.20
9,2025-07-01,17.55
9,2025-10-01,17.49
10,2025-01-01,15.63
10,2025-04-01,16.25
10,2025-07-01,15.84
10,2025-10-01,17.17
11,2025-01-01,15.76
11,2025-04-01,17.21
11,2025-07-01,16.52
11,2025-10-01,17.29
12,2025-01-01,17.98
12,2025-04-01,10.78
12,2025-07-01,16.67
12,2025-10-01,18.86
13,2025-01-01,12.40
13,2025-04-01,12.67
13,2025-07-01,14.04
13,2025-10-01,13.53
14,2025-01-01,16.61
14,2025-04-01,15.44
14,2025-07-01,15.57
14,2025-10-01,16.09
15,2025-01-01,15.23
15,2025-04-01,17.30
15,2025-07-01,16.26
15,2025-10-01,16.83
16,2025-01-01,19.84
16,2025-04-01,18.56
16,2025-07-01,16.84
16,2025-10-01,16.69
17,2025-01-01,15.57
17,2025-04-01,16.41
17,2025-07-01,16.03
17,2025-10-01,15.64
18,2025-01-01,15.63
18,2025-04-01,16.11
18,2025-07-01,17.35
18,2025-10-01,16.57
19,2025-01-01,17.67
19,2025-04-01,17.75
19,2025-07-01,18.14
19,2025-10-01,18.34
20,2025-01-01,15.88
20,2025-04-01,16.19
20,2025-07-01,16.52
20,2025-10-01,17.42
21,2025-01-01,17.96
21,2025-04-01,16.61
21,2025-07-01,18.17
21,2025-10-01,21.60
22,2025-01-01,11.97
22,2025-04-01,19.25
22,2025-07-01,13.66
22,2025-10-01,13.73
23,2025-01-01,19.99
23,2025-04-01,21.28
23,2025-07-01,21.23
23,2025-10-01,19.53
24,2025-01-01,21.49
24,2025-04-01,20.11
24,2025-07-01,18.11
24,2025-10-01,19.74
25,2025-01-01,19.37
25,2025-04-01,19.37
25,2025-07-01,19.54
25,2025-10-01,18.70
26,2025-01-01,17.86
26,2025-04-01,18.75
26,2025-07-01,19.53
26,2025-10-01,19.05
27,2025-01-01,17.71
27,2025-04-01,18.12
27,2025-07-01,18.26
27,2025-10-01,19.17
28,2025-01-01,17.93
28,2025-04-01,17.69
28,2025-07-01,16.47
28,2025-10-01,17.62
29,2025-01-01,15.09
29,2025-04-01,13.76
29,2025-07-01,15.11
29,2025-10-01,16.41
30,2025-01-01,14.95
30,2025-04-01,15.87
30,2025-07-01,17.67
30,2025-10-01,17.02
31,2025-01-01,17.68
31,2025-04-01,18.27
31,2025-07-01,19.06
31,2025-10-01,18.81
32,2025-01-01,16.71
32,2025-04-01,17.01
32,2025-07-01,17.72
32,2025-10-01,17.03
33,2025-01-01,15.93
33,2025-04-01,15.32
33,2025-07-01,16.10
33,2025-10-01,16.31
34,2025-01-01,16.71
34,2025-04-01,16.04
34,2025-07-01,14.66
34,2025-10-01,16.60
35,2025-01-01,14.37
35,2025-04-01,15.49
35,2025-07-01,15.50
35,2025-10-01,16.13
36,2025-01-01,14.12
36,2025-04-01,14.44
36,2025-07-01,15.30
36,2025-10-01,14.75
37,2025-01-01,12.98
37,2025-04-01,14.24
37,2025-07-01,14.34
37,2025-10-01,14.30
38,2025-01-01,14.68
38,2025-04-01,14.37
38,2025-07-01,15.79
38,2025-10-01,15.02
39,2025-01-01,12.57
39,2025-04-01,12.61
39,2025-07-01,10.85
39,2025-10-01,12.92
40,2025-01-01,14.03
40,2025-04-01,15.15
40,2025-07-01,19.01
40,2025-10-01,14.27
41,2025-01-01,14.04
41,2025-04-01,15.08
41,2025-07-01,15.59
41,2025-10-01,16.15
42,2025-01-01,
42,2025-04-01,
42,2025-07-01,
42,2025-10-01,
43,2025-01-01,13.82
43,2025-04-01,13.80
43,2025-07-01,14.71
43,2025-10-01,14.95
44,2025-01-01,13.83
44,2025-04-01,15.07
44,2025-07-01,14.75
44,2025-10-01,15.14
45,2025-01-01,13.31
45,2025-04-01,13.42
45,2025-07-01,13.59
45,2025-10-01,12.93
46,2025-01-01,12.39
46,2025-04-01,12.99
46,2025-07-01,13.36
46,2025-10-01,13.38
47,2025-01-01,8.18
47,2025-04-01,
47,2025-07-01,
47,2025-10-01,
48,2025-01-01,12.28
48,2025-04-01,12.55
48,2025-07-01,12.62
48,2025-10-01,12.41
49,2025-01-01,10.10
49,2025-04-01,9.87
49,2025-07-01,9.77
49,2025-10-01,10.24
50,2025-01-01,13.24
50,2025-04-01,14.14
50,2025-07-01,13.09
50,2025-10-01,13.99
51,2025-01-01,13.36
51,2025-04-01,14.43
51,2025-07-01,15.20
51,2025-10-01,13.97
52,2025-01-01,13.50
52,2025-04-01,14.01
52,2025-07-01,14.75
52,2025-10-01,15.66
53,2025-01-01,13.00
53,2025-04-01,11.33
53,2025-07-01,11.24
53,2025-10-01,13.71
54,2025-01-01,7.94
54,2025-04-01,
54,2025-07-01,
54,2025-10-01,
55,2025-01-01,9.48
55,2025-04-01,9.30
55,2025-07-01,13.77
55,2025-10-01,10.06
56,2025-01-01,
56,2025-04-01,
56,2025-07-01,
56,2025-10-01,11.77
57,2025-01-01,13.36
57,2025-04-01,14.29
57,2025-07-01,12.22
57,2025-10-01,12.10
58,2025-01-01,
58,2025-04-01,8.05
58,2025-07-01,
58,2025-10-01,
59,2025-01-01,12.58
59,2025-04-01,13.66
59,2025-07-01,9.17
59,2025-10-01,13.02
60,2025-01-01,14.61
60,2025-04-01,14.91
60,2025-07-01,13.74
60,2025-10-01,15.38
61,2025-01-01,14.63
61,2025-04-01,14.51
61,2025-07-01,13.46
61,2025-10-01,14.02
62,2025-01-01,13.48
62,2025-04-01,14.21
62,2025-07-01,14.74
62,2025-10-01,14.45
63,2025-01-01,14.33
63,2025-04-01,14.28
63,2025-07-01,14.53
63,2025-10-01,15.60
64,2025-01-01,15.23
64,2025-04-01,16.22
64,2025-07-01,16.04
64,2025-10-01,16.51
65,2025-01-01,14.94
65,2025-04-01,16.52
65,2025-07-01,15.84
65,2025-10-01,15.53
66,2025-01-01,17.14
66,2025-04-01,19.83
66,2025-07-01,17.68
66,2025-10-01,18.41
67,2025-01-01,19.40
67,2025-04-01,22.69
67,2025-07-01,21.14
67,2025-10-01,20.23
68,2025-01-01,18.04
68,2025-04-01,18.30
68,2025-07-01,17.75
68,2025-10-01,19.07
69,2025-01-01,20.84
69,2025-04-01,22.89
69,2025-07-01,24.00
69,2025-10-01,21.60
70,2025-01-01,13.26
70,2025-04-01,12.38
70,2025-07-01,12.88
70,2025-10-01,13.94
71,2025-01-01,16.80
71,2025-04-01,15.94
71,2025-07-01,16.86
71,2025-10-01,17.63
72,2025-01-01,13.79
72,2025-04-01,13.23
72,2025-07-01,13.49
72,2025-10-01,13.73
73,2025-01-01,13.90
73,2025-04-01,12.58
73,2025-07-01,15.03
73,2025-10-01,15.57
1,2026-01-01,16.66
2,2026-01-01,16.17
3,2026-01-01,23.19
4,2026-01-01,19.24
5,2026-01-01,14.45
6,2026-01-01,16.41
7,2026-01-01,17.87
8,2026-01-01,17.35
9,2026-01-01,16.83
10,2026-01-01,16.39
11,2026-01-01,17.70
12,2026-01-01,18.14
13,2026-01-01,14.11
14,2026-01-01,15.04
15,2026-01-01,15.38
16,2026-01-01,18.93
17,2026-01-01,17.16
18,2026-01-01,16.20
19,2026-01-01,18.25
20,2026-01-01,17.21
21,2026-01-01,20.92
22,2026-01-01,17.31
23,2026-01-01,19.51
24,2026-01-01,20.38
25,2026-01-01,19.01
26,2026-01-01,18.42
27,2026-01-01,18.30
28,2026-01-01,15.29
29,2026-01-01,17.46
30,2026-01-01,18.00
31,2026-01-01,18.92
32,2026-01-01,17.34
33,2026-01-01,15.11
34,2026-01-01,16.74
35,2026-01-01,15.32
36,2026-01-01,17.70
37,2026-01-01,14.04
38,2026-01-01,15.14
39,2026-01-01,12.39
40,2026-01-01,16.25
41,2026-01-01,15.01
42,2026-01-01,
43,2026-01-01,15.05
44,2026-01-01,14.52
45,2026-01-01,14.71
46,2026-01-01,12.24
47,2026-01-01,
48,2026-01-01,11.72
49,2026-01-01,11.25
50,2026-01-01,12.61
51,2026-01-01,13.74
52,2026-01-01,15.55
53,2026-01-01,12.10
54,2026-01-01,
55,2026-01-01,9.23
56,2026-01-01,
57,2026-01-01,15.59
58,2026-01-01,
59,2026-01-01,11.59
60,2026-01-01,14.65
61,2026-01-01,14.43
62,2026-01-01,15.30
63,2026-01-01,14.99
64,2026-01-01,16.01
65,2026-01-01,15.48
66,2026-01-01,18.12
67,2026-01-01,19.71
68,2026-01-01,18.73
69,2026-01-01,21.25
70,2026-01-01,14.24
71,2026-01-01,17.46
72,2026-01-01,13.89
73,2026-01-01,14.73
